employee_id,first_name,last_name,email,gender,manager_id,job_title,salary_(rupees) ,bonus_(rupees),effective_working_hours,number_of_tasks 
7754,Ferd,O'Doogan,fodoogan0@buzzfeed.com,Male,4000,General Manager,99955,6082,6.6,2
5580,Vito,Bullard,vbullard1@sina.com.cn,Male,5000,Analyst Programmer,99855,8606,7.8,4
5124,Zacharia,Padden,zpadden2@webnode.com,Male,6000,Recruiter,99763,9105,6.1,9
7297,Cly,Huggons,chuggons3@accuweather.com,Male,9999,Internal Auditor,99684,7464,6.7,8
2249,Northrop,Southway,nsouthway4@tumblr.com,Male,4000,Clinical Specialist,99579,6252,7.8,6
6121,Martita,Conring,mconring5@moonfruit.com,Female,9999,Nurse,99579,6883,6.4,6
5449,Gregg,Colloff,gcolloff6@samsung.com,Male,4000,Software Consultant,99253,8216,6.8,7
1962,Nadine,Houlaghan,nhoulaghan7@de.vu,Female,5000,Human Resources Manager,99243,6490,6.3,3
8305,Lazar,Bowgen,lbowgen8@redcross.org,Male,6000,Safety Technician IV,99212,8452,7.7,5
1126,Katrine,Kidston,kkidston9@aboutads.info,Female,9999,Structural Analysis Engineer,99203,9679,7.6,8
4276,Martainn,Bissett,mbissetta@yahoo.co.jp,Male,9999,Actuary,99154,6081,5.8,9
9157,Glenn,Lapthorn,glapthornb@blogs.com,Male,4000,Web Designer III,98879,9684,5.8,1
7242,Victoir,Josovich,vjosovichc@altervista.org,Male,9999,Technical Writer,98866,8753,5.3,1
6585,Rem,Tregidgo,rtregidgod@tripadvisor.com,Male,4000,Administrative Assistant III,98819,7343,7.6,1
5685,Johnnie,Wavish,jwavishe@ebay.com,Male,1001,Systems Administrator IV,98513,5717,7.5,10
2118,Fayre,Hyman,fhymanf@amazon.com,Female,6000,Help Desk Technician,98427,9962,6.5,9
8335,Natal,Leaf,nleafg@posterous.com,Male,1001,Internal Auditor,98299,6366,6.2,10
8796,Albert,Baughn,abaughnh@sbwire.com,Male,9999,Automation Specialist II,98292,8402,7.4,2
6329,Roselin,Godsil,rgodsili@studiopress.com,Female,5000,Marketing Manager,98282,7233,5.5,10
1700,Christie,Meysham,cmeyshamj@chron.com,Female,1001,Software Consultant,98234,6656,6.3,9
5052,Carolyne,Mallya,cmallyak@typepad.com,Female,5000,Database Administrator I,98175,8377,7.6,6
7027,Wendeline,Westwell,wwestwelll@netvibes.com,Female,9999,Financial Analyst,98165,6350,5.2,8
4804,Winifred,Thon,wthonm@nydailynews.com,Female,4000,Chief Design Engineer,98148,8849,7.2,10
6288,Winthrop,Clines,wclinesn@alibaba.com,Male,1001,Chemical Engineer,98129,6052,5.5,4
9480,Lyssa,Skarr,lskarro@vkontakte.ru,Female,6000,GIS Technical Architect,98019,9294,5.8,3
1403,Holli,Lambdon,hlambdonp@posterous.com,Female,5000,Environmental Tech,98010,6544,7.6,1
4556,Lyndel,Tapsell,ltapsellq@statcounter.com,Female,9999,Senior Editor,97868,9227,6.9,10
5383,Charmain,Devigne,cdevigner@reverbnation.com,Female,4000,Quality Engineer,97690,8876,5.3,4
4571,Maryanna,Tristram,mtristrams@chron.com,Female,9999,Biostatistician I,97477,8575,5.9,2
8530,Rad,Pitherick,rpitherickt@creativecommons.org,Male,4000,Desktop Support Technician,97416,9051,7.5,3
6655,Danyette,Helwig,dhelwigu@mit.edu,Female,4000,Research Assistant IV,97405,8110,5.1,8
8904,Phaedra,Du Hamel,pduhamelv@cafepress.com,Female,4000,Accounting Assistant II,97366,9588,5,9
2635,Hersh,Candy,hcandyw@bravesites.com,Male,1001,Structural Engineer,97201,9704,7.2,2
8272,Malanie,Claque,mclaquex@wsj.com,Female,6000,Assistant Manager,97065,5252,5.2,7
2962,Phineas,Tow,ptowy@springer.com,Male,9999,Social Worker,96972,8300,7.5,7
9283,Henriette,Probbings,hprobbingsz@icq.com,Female,9999,Paralegal,96789,5248,7.5,6
8229,Loren,Shead,lshead10@sitemeter.com,Male,1001,Cost Accountant,96532,6854,7.4,3
5516,Lucine,Tibbits,ltibbits11@scientificamerican.com,Female,6000,Business Systems Development Analyst,96432,5136,6.7,5
3424,Tabina,Gifkins,tgifkins12@scientificamerican.com,Female,1001,VP Accounting,96389,8319,6.9,3
6970,Devonna,Yes,dyes13@ucoz.com,Female,5000,Senior Editor,96290,9950,6.6,5
9876,Kelcey,Howson,khowson14@smugmug.com,Female,1001,Community Outreach Specialist,96282,8431,7.3,10
1034,Erik,Proughten,eproughten15@economist.com,Male,5000,Health Coach III,96146,6331,7.6,1
5670,Lucy,Wannop,lwannop16@addthis.com,Female,5000,Senior Quality Engineer,96029,7159,7.4,3
5615,Nicholas,Brixey,nbrixey17@microsoft.com,Male,6000,Pharmacist,95872,8765,6,9
5802,Almeta,Seivwright,aseivwright18@taobao.com,Female,4000,Senior Developer,95857,8730,5.5,2
7661,Meade,Challenor,mchallenor19@smugmug.com,Male,6000,Actuary,95805,9896,6.5,10
8869,Nelson,Bottelstone,nbottelstone1a@webeden.co.uk,Male,6000,Software Consultant,95766,9439,6,8
1505,Zach,Caney,zcaney1b@surveymonkey.com,Male,1001,Engineer III,95599,9820,7.5,3
1383,Jaymie,Salzburger,jsalzburger1c@theguardian.com,Male,1001,Automation Specialist I,95583,9828,6,9
3071,Janek,Mocker,jmocker1d@vk.com,Male,9999,General Manager,95506,8287,6.2,7
8459,Lance,Hudless,lhudless1e@1688.com,Male,5000,Occupational Therapist,95419,8641,5,6
8671,Pancho,Ogilvie,pogilvie1f@blogspot.com,Male,9999,Human Resources Manager,95347,5985,6.6,6
1573,Pace,McGuggy,pmcguggy1g@cpanel.net,Male,6000,Account Executive,95320,7372,5.8,1
5789,Allard,Roust,aroust1h@harvard.edu,Male,5000,Marketing Assistant,95305,9318,5,5
2387,Sybila,Bettridge,sbettridge1i@virginia.edu,Female,4000,Account Representative IV,95286,6795,7.5,9
4384,Ced,Dunmore,cdunmore1j@jalbum.net,Male,6000,Editor,95263,6738,5.4,8
5161,Tiebold,Kilgrove,tkilgrove1k@macromedia.com,Male,4000,Health Coach III,95214,6876,6.5,6
4477,Carmon,Rafferty,crafferty1l@microsoft.com,Female,9999,Engineer II,95201,5922,6.9,4
3052,Clarence,Patillo,cpatillo1m@jigsy.com,Male,6000,Accounting Assistant III,95143,6824,6.5,8
6640,Ingrid,Paynton,ipaynton1n@storify.com,Female,1001,Assistant Media Planner,95125,6426,6.3,9
6764,Colas,Allett,callett1o@whitehouse.gov,Male,6000,Senior Developer,95103,8280,5.6,1
9600,Merry,Stayt,mstayt1p@ifeng.com,Female,5000,Teacher,94950,9405,7.4,6
2727,Berne,Abramin,babramin1q@storify.com,Male,4000,Project Manager,94937,5302,7.6,4
7364,Eve,Carde,ecarde1r@mysql.com,Female,4000,Health Coach I,94856,8767,5.7,4
5727,Rab,Fyldes,rfyldes1s@gov.uk,Male,5000,Budget/Accounting Analyst I,94812,9773,7.8,10
2500,Egan,Blais,eblais1t@google.com.hk,Male,1001,Engineer III,94628,7607,6.1,10
8579,Shena,Bewlay,sbewlay1u@acquirethisname.com,Female,6000,Junior Executive,94557,8718,7.1,5
3933,Lowe,Wastie,lwastie1v@stanford.edu,Male,9999,General Manager,94519,7196,5.6,6
1714,Hollyanne,Duckels,hduckels1w@cnn.com,Female,5000,Staff Accountant II,94415,6169,7.9,1
6938,Livvie,Giotto,lgiotto1x@ca.gov,Female,6000,Marketing Manager,94261,6378,5.9,4
3965,Dan,Ezzy,dezzy1y@opensource.org,Male,1001,Computer Systems Analyst II,94258,6976,5.8,10
1119,Farra,Matteoli,fmatteoli1z@fema.gov,Female,9999,Senior Cost Accountant,94233,6542,7.7,2
1181,Barty,O'Doogan,bodoogan20@desdev.cn,Male,1001,Staff Scientist,93965,9511,6,3
7275,Karim,Cloughton,kcloughton21@xing.com,Male,4000,Financial Analyst,93838,9159,6.5,6
6747,Yorgo,Dickin,ydickin22@pcworld.com,Male,9999,Administrative Officer,93806,6941,6.3,9
3504,Francklin,Van Der Weedenburg,fvanderweedenburg23@theguardian.com,Male,9999,Electrical Engineer,93620,8448,6.7,1
1279,Justino,Diament,jdiament24@mashable.com,Male,1001,Executive Secretary,93551,8166,7.4,9
2587,Lamond,Churchman,lchurchman25@gizmodo.com,Male,5000,Editor,93548,8992,6.1,4
3695,Mitchell,McWhorter,mmcwhorter26@upenn.edu,Male,4000,Software Consultant,93535,9631,7.1,10
4394,Bethina,Danaher,bdanaher27@rediff.com,Female,9999,Sales Representative,93344,6102,7.3,10
3938,Rona,Woodcraft,rwoodcraft28@tumblr.com,Female,5000,VP Quality Control,93004,8781,5.6,4
1186,Tove,Imlen,timlen29@engadget.com,Female,1001,Senior Developer,92988,7512,7.3,10
2187,Tybalt,Batcock,tbatcock2a@reverbnation.com,Male,4000,Help Desk Operator,92794,5921,5.5,5
1134,Vlad,Lamey,vlamey2b@gravatar.com,Male,6000,Statistician IV,92750,6501,5,6
9281,Celeste,Rablin,crablin2c@hugedomains.com,Female,5000,Analog Circuit Design manager,92659,7905,5,3
8397,Dorena,Eate,deate2d@prweb.com,Female,6000,Information Systems Manager,92657,8356,5.3,9
5090,Layla,Morman,lmorman2e@mit.edu,Female,5000,Social Worker,92642,6021,7.1,3
5696,Chaunce,Demougeot,cdemougeot2f@dailymotion.com,Male,1001,Technical Writer,92052,5664,6.5,6
7470,Melisa,Ealden,mealden2g@paginegialle.it,Female,5000,VP Accounting,91948,9256,6,1
6461,Stern,Currell,scurrell2h@xinhuanet.com,Male,9999,Community Outreach Specialist,91934,9316,7.2,8
3508,Fan,Lydden,flydden2i@prnewswire.com,Female,5000,Paralegal,91913,7134,7.8,9
6226,Steven,Spur,sspur2j@stanford.edu,Male,6000,Actuary,91809,6107,7.7,10
9337,Stanton,Tafani,stafani2k@parallels.com,Male,4000,Marketing Manager,91745,5428,6.9,5
7029,Niall,Vousden,nvousden2l@epa.gov,Male,1001,Actuary,91655,8360,7.1,5
7734,Stephen,Marple,smarple2m@is.gd,Male,6000,VP Sales,91623,5790,5.5,8
8378,Reuven,Robertazzi,rrobertazzi2n@canalblog.com,Male,5000,Financial Analyst,91517,5898,5.3,1
8242,Jo-anne,Culshaw,jculshaw2o@free.fr,Female,5000,GIS Technical Architect,91512,5799,6.9,1
9053,Debby,Guiett,dguiett2p@wikispaces.com,Female,9999,Web Developer IV,91449,5974,7.2,9
3696,Arne,Glazzard,aglazzard2q@macromedia.com,Male,9999,Software Test Engineer III,91436,5793,6.1,10
9481,Aaron,Malter,amalter2r@usatoday.com,Male,5000,VP Sales,91339,5758,6.2,8
4058,Nicola,Grisewood,ngrisewood2s@businessweek.com,Male,1001,Biostatistician II,91327,7739,5.4,10
2693,Iona,Garley,igarley2t@soup.io,Female,1001,Dental Hygienist,91321,9294,6.9,4
7737,Chas,Stiebler,cstiebler2u@hatena.ne.jp,Male,9999,Director of Sales,91279,6992,7.9,5
4364,Cornelius,Beasleigh,cbeasleigh2v@ehow.com,Male,4000,Clinical Specialist,91265,6639,6.7,9
6022,Tamqrah,Hattigan,thattigan2w@cisco.com,Female,9999,General Manager,91027,9946,7.8,7
7364,Tracey,Digg,tdigg2x@usnews.com,Male,9999,Budget/Accounting Analyst II,90914,8139,7.9,5
9093,Lamar,Klauer,lklauer2y@uol.com.br,Male,1001,Computer Systems Analyst IV,90499,6022,7.8,4
7908,Tommy,Aslen,taslen2z@nasa.gov,Female,9999,Staff Accountant IV,90497,7791,7.5,2
5400,Chaunce,Reimer,creimer30@privacy.gov.au,Male,6000,Assistant Professor,90398,5865,5.9,5
5494,Dani,Van Vuuren,dvanvuuren31@msn.com,Female,5000,Research Associate,90152,8356,5.5,9
8548,Bell,Amort,bamort32@blinklist.com,Female,9999,Help Desk Technician,90110,9015,7.2,7
7118,Van,Downham,vdownham33@purevolume.com,Male,5000,Registered Nurse,90068,9859,8,1
2649,Eloise,Ilive,eilive34@nsw.gov.au,Female,9999,Administrative Officer,89963,8807,6.2,10
2209,Griffith,Feldhuhn,gfeldhuhn35@dailymail.co.uk,Male,9999,Junior Executive,89884,5555,6.5,6
5570,Betta,Raymont,braymont36@geocities.jp,Female,6000,Mechanical Systems Engineer,89841,8103,6,3
2822,Kandace,Whitchurch,kwhitchurch37@aol.com,Female,1001,Financial Analyst,89783,9397,6.8,3
6588,Atalanta,Spradbrow,aspradbrow38@naver.com,Female,1001,VP Accounting,89763,9842,7.2,6
6463,Orly,Lown,olown39@ocn.ne.jp,Female,6000,Programmer Analyst III,89726,7670,7.5,5
7077,Judith,Sydenham,jsydenham3a@nationalgeographic.com,Female,1001,Sales Associate,89723,9590,7.1,5
5021,Shara,Maciejewski,smaciejewski3b@wikispaces.com,Female,5000,Environmental Tech,89704,5552,5.5,4
9044,Noella,Hardesty,nhardesty3c@booking.com,Female,1001,General Manager,89656,7691,5,1
4634,Rogers,Salaman,rsalaman3d@hp.com,Male,5000,Computer Systems Analyst IV,89614,9420,5.7,5
5527,Arron,Hoofe,ahoofe3e@homestead.com,Male,5000,Pharmacist,89602,6594,6.8,10
6046,Kaycee,Rodbourne,krodbourne3f@nydailynews.com,Female,4000,Chemical Engineer,89468,8228,6.6,9
7630,Arlen,Haynesford,ahaynesford3g@redcross.org,Female,4000,Design Engineer,89423,7722,7.5,8
6810,Cyril,McGrath,cmcgrath3h@163.com,Male,9999,Biostatistician III,89411,9234,5.1,4
5264,Bertina,Elcom,belcom3i@discovery.com,Female,4000,Compensation Analyst,89366,9101,6,10
2640,Hertha,Lennox,hlennox3j@i2i.jp,Female,4000,Editor,88957,9559,7.9,2
2264,Jocelyne,MacNaughton,jmacnaughton3k@storify.com,Female,5000,Occupational Therapist,88754,9482,7.1,9
6156,Dukey,Mewburn,dmewburn3l@pbs.org,Male,6000,Financial Advisor,88729,6595,7.7,1
1018,Natalina,Diprose,ndiprose3m@fema.gov,Female,6000,Recruiting Manager,88675,6187,7.1,6
8821,Danica,Goburn,dgoburn3n@goo.ne.jp,Female,6000,Software Engineer II,88670,6482,8,3
6139,Darice,Catterall,dcatterall3o@printfriendly.com,Female,5000,Technical Writer,88630,6049,7.4,9
7908,Hagan,Paviour,hpaviour3p@google.pl,Male,1001,Environmental Specialist,88621,7950,6.5,9
1322,Toby,Edinboro,tedinboro3q@nyu.edu,Male,4000,Structural Engineer,88572,7711,6.2,7
5358,Walther,Shenton,wshenton3r@dyndns.org,Male,6000,Programmer II,88523,8987,5.1,1
5614,Edgardo,Rustman,erustman3s@google.fr,Male,1001,Recruiting Manager,88311,6001,8,6
4805,Carolan,Kinglesyd,ckinglesyd3t@virginia.edu,Female,1001,Account Representative I,88144,6197,7.6,2
9714,Nelly,Epple,nepple3u@geocities.jp,Female,4000,Financial Analyst,88114,5577,7.3,6
5403,Garrott,Hutchison,ghutchison3v@gizmodo.com,Male,9999,Internal Auditor,88008,7563,6.5,9
2426,Shell,Colicot,scolicot3w@people.com.cn,Male,1001,Financial Advisor,87981,8268,6.1,10
4370,Roshelle,Woolpert,rwoolpert3x@multiply.com,Female,9999,Marketing Manager,87976,8704,8,6
8602,Cedric,Garbutt,cgarbutt3y@cloudflare.com,Male,9999,Help Desk Operator,87973,7486,7,4
8534,Blythe,MacKenzie,bmackenzie3z@cnet.com,Female,1001,Assistant Professor,87817,5689,5.3,10
8463,Sigismondo,Dare,sdare40@ustream.tv,Male,4000,Chief Design Engineer,87795,9062,7.8,6
4765,Rana,Rallings,rrallings41@flickr.com,Female,9999,Operator,87556,8750,7,4
1889,Demott,Gaucher,dgaucher42@sakura.ne.jp,Male,6000,Speech Pathologist,87476,9422,6.4,1
4934,Dodie,Jeskin,djeskin43@indiegogo.com,Female,4000,Staff Accountant III,87411,7128,5.3,2
6513,Muffin,Tucker,mtucker44@biglobe.ne.jp,Male,9999,Software Test Engineer III,87357,5611,5.6,4
9341,Ced,Scanlon,cscanlon45@dropbox.com,Male,4000,Accounting Assistant III,87192,9840,7.8,9
8505,Abbe,Chetter,achetter46@gizmodo.com,Male,6000,Account Representative III,87117,5999,6.9,9
3293,Rogerio,Napoleone,rnapoleone47@paginegialle.it,Male,6000,Account Executive,87022,5722,7,7
1779,Ned,Sleeny,nsleeny48@livejournal.com,Male,4000,Senior Sales Associate,86935,6446,7.3,5
1792,Perle,Cortese,pcortese49@sogou.com,Female,5000,Programmer I,86935,5342,7.4,1
7620,Hervey,Yorke,hyorke4a@myspace.com,Male,4000,Desktop Support Technician,86871,8781,5.3,9
1993,Collen,Philo,cphilo4b@prlog.org,Female,6000,Web Developer IV,86843,6018,7.1,2
9230,Mychal,De Benedetti,mdebenedetti4c@domainmarket.com,Male,5000,Automation Specialist II,86712,8035,6.7,2
3045,Adler,Cranmor,acranmor4d@github.io,Male,1001,Information Systems Manager,86691,6061,6.1,8
1143,Inigo,Pashler,ipashler4e@ycombinator.com,Male,5000,Assistant Professor,86456,6266,7.3,5
5985,Yardley,Saldler,ysaldler4f@arstechnica.com,Male,4000,Information Systems Manager,86344,9889,5.9,6
7593,Duff,Weben,dweben4g@amazonaws.com,Male,6000,Chemical Engineer,86145,8381,5.4,6
1672,Laverna,Snarie,lsnarie4h@reddit.com,Female,1001,Administrative Officer,86106,5501,7,3
3849,Abey,Enevoldsen,aenevoldsen4i@ucla.edu,Male,9999,Sales Associate,85889,7827,5.7,2
1367,Delcina,Knolles-Green,dknollesgreen4j@whitehouse.gov,Female,4000,Assistant Media Planner,85752,6964,6.7,2
6996,Hermon,Eminson,heminson4k@phpbb.com,Male,9999,Financial Analyst,85750,6104,5.6,4
9057,Flem,Mucklow,fmucklow4l@scientificamerican.com,Male,1001,Director of Sales,85578,7925,6.8,1
8352,Syman,Scolli,sscolli4m@soup.io,Male,5000,Nurse,85569,8136,7.8,2
9404,Robbin,Wrintmore,rwrintmore4n@auda.org.au,Female,1001,Project Manager,85559,6777,6.8,7
6655,Hakeem,Mitton,hmitton4o@intel.com,Male,6000,Quality Engineer,85558,7233,6.5,6
1471,Meaghan,Corzor,mcorzor4p@about.me,Female,1001,Editor,85390,6460,6.7,6
8249,Linette,Hance,lhance4q@mozilla.com,Female,4000,VP Sales,85376,9675,7.9,7
5262,Bartram,Cohr,bcohr4r@booking.com,Male,9999,Help Desk Technician,85284,6652,7.1,1
2053,Bastian,Chantler,bchantler4s@mozilla.com,Male,9999,Computer Systems Analyst I,85215,5180,6.3,2
5965,Ave,Leathe,aleathe4t@chronoengine.com,Male,4000,Accountant I,85212,9179,5.9,6
2145,L;urette,Twinn,ltwinn4u@home.pl,Female,5000,Cost Accountant,85074,6319,5.9,1
2881,Ansell,Crombleholme,acrombleholme4v@hatena.ne.jp,Male,5000,Software Engineer III,84896,7465,7.2,3
4508,Hyatt,Boyington,hboyington4w@weebly.com,Male,5000,VP Accounting,84848,8032,7,10
3166,Patty,Blouet,pblouet4x@hostgator.com,Male,5000,Safety Technician I,84568,8650,5.5,9
1153,Willi,Hartrick,whartrick4y@cisco.com,Male,5000,Data Coordinator,84505,6258,6.7,4
3798,Bidget,Coleborn,bcoleborn4z@state.gov,Female,4000,Analyst Programmer,84481,8701,5.7,1
5170,Karla,Madders,kmadders50@comsenz.com,Female,4000,Programmer Analyst IV,84432,9326,5,10
3380,Emelia,Clutterbuck,eclutterbuck51@harvard.edu,Female,1001,Assistant Professor,84391,6054,7.7,9
9739,Kay,Marder,kmarder52@miibeian.gov.cn,Female,1001,Programmer Analyst I,84338,9075,5.5,4
9308,Sibella,Denniston,sdenniston53@squarespace.com,Female,9999,Human Resources Assistant III,84291,9475,6.9,2
8258,Lemmy,Bernardet,lbernardet54@biglobe.ne.jp,Male,9999,Financial Advisor,84180,6617,5.2,3
9795,Sandy,Cradoc,scradoc55@ocn.ne.jp,Male,1001,Occupational Therapist,83964,7521,5.4,7
4176,Raleigh,Mabbott,rmabbott56@noaa.gov,Male,9999,Senior Cost Accountant,83961,5780,6.7,8
3839,Umeko,Spacie,uspacie57@dedecms.com,Female,5000,VP Accounting,83927,7677,6.4,5
9023,Row,McRuvie,rmcruvie58@printfriendly.com,Female,9999,Staff Scientist,83896,7960,7,4
2942,Jacquetta,Matisse,jmatisse59@craigslist.org,Female,6000,Assistant Manager,83867,5095,7.6,3
4167,Ian,Taverner,itaverner5a@phpbb.com,Male,1001,Tax Accountant,83786,9166,5.8,3
1593,Gradey,Kittles,gkittles5b@cargocollective.com,Male,9999,Research Assistant I,83773,5372,5.9,1
7647,Walt,Tabner,wtabner5c@over-blog.com,Male,5000,VP Sales,83771,8520,7.4,3
8700,Henrie,Vittore,hvittore5d@ustream.tv,Female,5000,Environmental Tech,83397,5532,5.9,6
4610,Darcee,McMurdo,dmcmurdo5e@lycos.com,Female,9999,Analog Circuit Design manager,83296,5884,8,8
4675,Tallie,Harradence,tharradence5f@bigcartel.com,Male,6000,VP Marketing,83283,7177,7.8,1
4135,Clo,Warlton,cwarlton5g@phpbb.com,Female,6000,Nuclear Power Engineer,83089,6085,8,4
3082,Gayleen,Crielly,gcrielly5h@hibu.com,Female,5000,Dental Hygienist,82874,7511,5.9,9
7365,Berta,Wardle,bwardle5i@sitemeter.com,Female,9999,Senior Financial Analyst,82853,8442,7.2,9
4036,Brand,Pelling,bpelling5j@uiuc.edu,Male,1001,Nurse,82823,9274,5.6,10
1901,Marjorie,O'Glassane,moglassane5k@mlb.com,Female,1001,Civil Engineer,82804,8235,5.7,3
1578,Tucky,Hambrook,thambrook5l@umn.edu,Male,6000,Community Outreach Specialist,82787,8233,5.1,10
2676,Neddie,Danshin,ndanshin5m@feedburner.com,Male,1001,Geologist III,82742,9138,6.6,10
9211,Brande,Bagnell,bbagnell5n@spotify.com,Female,6000,Human Resources Assistant II,82565,9535,5.9,6
8470,Christy,Boyan,cboyan5o@yandex.ru,Male,4000,Executive Secretary,82486,9958,5.3,2
1519,Emalee,Brealey,ebrealey5p@wsj.com,Female,1001,Occupational Therapist,82218,7031,5.8,4
2915,Adriane,McKerron,amckerron5q@smh.com.au,Female,1001,Paralegal,82202,8737,7.4,9
6557,Garrot,Michelmore,gmichelmore5r@un.org,Male,6000,Community Outreach Specialist,82179,9597,6.5,10
3740,Paton,Loader,ploader5s@gizmodo.com,Male,1001,Nuclear Power Engineer,82135,9359,7.6,5
5855,Stafford,De Bell,sdebell5t@sogou.com,Male,9999,GIS Technical Architect,81969,5225,7.6,9
3803,Ardella,Strange,astrange5u@bigcartel.com,Female,4000,VP Accounting,81919,7214,7.7,2
2067,Maurene,Caskey,mcaskey5v@yolasite.com,Female,1001,Senior Developer,81901,9767,5.6,1
2952,Kathleen,Ockleshaw,kockleshaw5w@google.com,Female,1001,Desktop Support Technician,81840,9267,7.8,8
2524,Annnora,Belchamp,abelchamp5x@jigsy.com,Female,1001,Nurse,81739,7260,6.7,5
9275,Pennie,Hupe,phupe5y@smugmug.com,Male,4000,Research Nurse,81724,9528,7.3,9
7235,Filbert,Coiley,fcoiley5z@exblog.jp,Male,9999,Social Worker,81371,5986,6,5
8111,Aloysia,Legerton,alegerton60@amazon.com,Female,9999,Nuclear Power Engineer,81298,6723,7.3,1
3408,Davine,Pearce,dpearce61@nyu.edu,Female,5000,Database Administrator III,81218,7283,6.2,1
6320,Prent,Coppo,pcoppo62@cyberchimps.com,Male,6000,Developer III,81039,6774,7.6,10
2780,Livia,Colquitt,lcolquitt63@who.int,Female,1001,Data Coordinator,80870,6046,7.2,4
5365,Micky,Piddlesden,mpiddlesden64@go.com,Male,5000,Account Representative III,80539,8201,5.4,6
4528,Vinson,Swannack,vswannack65@imdb.com,Male,5000,Project Manager,80454,7661,7.3,7
6215,Gale,Maccree,gmaccree66@mashable.com,Female,1001,Data Coordinator,80442,8769,6.8,5
1388,Rosemarie,Mulbery,rmulbery67@prweb.com,Female,6000,Geological Engineer,80385,9208,5.7,6
4393,Shannah,Splevin,ssplevin68@columbia.edu,Female,5000,Director of Sales,80362,8755,8,2
3793,Isis,Mangeot,imangeot69@g.co,Female,9999,Social Worker,80345,8756,6.8,5
5329,Tadeas,Harhoff,tharhoff6a@apache.org,Male,9999,Director of Sales,80323,7066,6.6,5
3765,Goran,Faull,gfaull6b@cdbaby.com,Male,6000,Sales Representative,80258,8418,7.2,9
2124,Dinny,Trousdell,dtrousdell6c@over-blog.com,Female,9999,Account Representative II,80215,6965,7.5,1
6010,Nealy,Beartup,nbeartup6d@nhs.uk,Male,6000,Compensation Analyst,80213,9147,7.5,9
9639,Norine,Trazzi,ntrazzi6e@ameblo.jp,Female,5000,Analog Circuit Design manager,80192,5172,6.9,8
3037,Suzie,Gourlay,sgourlay6f@yahoo.co.jp,Female,4000,Administrative Assistant I,80139,8780,7.3,4
8729,Chen,Dudson,cdudson6g@seesaa.net,Male,1001,Electrical Engineer,80137,6102,6.5,10
8299,Jewel,Govenlock,jgovenlock6h@mozilla.com,Female,5000,Data Coordinator,80049,5142,8,9
3198,Jennifer,Medcalfe,jmedcalfe6i@wordpress.org,Female,9999,Operator,79775,9423,7.1,1
3903,Josepha,Braddon,jbraddon6j@google.nl,Female,5000,Sales Representative,79565,6450,7.2,10
3797,Godfrey,Faherty,gfaherty6k@deviantart.com,Male,6000,Senior Developer,79465,6659,6.6,3
7613,Ives,Beedie,ibeedie6l@parallels.com,Male,4000,Librarian,79375,8474,7.7,5
7260,Xenos,Hrinishin,xhrinishin6m@dyndns.org,Male,1001,Marketing Manager,79359,7278,6,7
2607,Loretta,Wattisham,lwattisham6n@wiley.com,Female,9999,Clinical Specialist,79185,9735,6.2,8
9904,Goldie,Sines,gsines6o@mac.com,Female,4000,Budget/Accounting Analyst II,79089,5306,7.7,3
6537,Jared,Sayton,jsayton6p@latimes.com,Male,6000,Safety Technician I,79044,6614,7,6
4548,Reggis,Espadater,respadater6q@google.cn,Male,4000,Director of Sales,78959,9041,6.3,5
4758,Cally,Whopples,cwhopples6r@tamu.edu,Female,5000,Recruiting Manager,78741,7003,6.9,10
7856,Ford,Darragon,fdarragon6s@noaa.gov,Male,5000,Internal Auditor,78733,8202,6.8,5
8297,Katleen,McKeevers,kmckeevers6t@freewebs.com,Female,4000,Executive Secretary,78628,7412,7.1,1
7335,Andres,Byrcher,abyrcher6u@imageshack.us,Male,1001,Community Outreach Specialist,78537,6598,7.3,2
1794,Melamie,Deerness,mdeerness6v@squidoo.com,Female,5000,Social Worker,78537,6467,5.1,5
2777,Randene,Priter,rpriter6w@slideshare.net,Female,9999,Analyst Programmer,78453,7058,7.7,7
1031,Misty,Moreman,mmoreman6x@ucsd.edu,Female,1001,Sales Representative,78243,5780,5.4,2
9057,Madonna,Carding,mcarding6y@adobe.com,Female,1001,Account Coordinator,78070,7822,6.9,7
9110,Christoph,Karel,ckarel6z@prlog.org,Male,9999,Social Worker,78021,9088,6.6,4
3687,Paxon,Kilshall,pkilshall70@prlog.org,Male,5000,Physical Therapy Assistant,77959,7704,7,3
7695,Roanna,Cromie,rcromie71@addthis.com,Female,4000,Automation Specialist I,77945,9044,6.2,8
1927,Kippie,Geard,kgeard72@devhub.com,Female,1001,Assistant Professor,77792,6869,6.6,3
9771,Pavla,Benoey,pbenoey73@dagondesign.com,Female,1001,Nurse Practicioner,77766,5267,6.4,2
5229,Goldie,Judron,gjudron74@biblegateway.com,Female,9999,GIS Technical Architect,77756,5564,5.1,4
9778,Keri,Sobieski,ksobieski75@networksolutions.com,Female,4000,Software Consultant,77701,9580,6.4,10
3807,Stinky,Finlow,sfinlow76@instagram.com,Male,1001,Chemical Engineer,77593,6775,7.2,3
3619,Stanton,Elmar,selmar77@wikimedia.org,Male,6000,Operator,77526,6485,7.7,3
5120,Charlene,Grayson,cgrayson78@soup.io,Female,6000,Administrative Officer,77503,9178,5.6,3
5678,Valma,Yosevitz,vyosevitz79@nasa.gov,Female,1001,Assistant Media Planner,77383,5309,6.6,9
5539,Sandor,Ralls,sralls7a@squidoo.com,Male,6000,Engineer I,77304,5862,6.3,9
9824,Dana,List,dlist7b@skyrock.com,Male,4000,Clinical Specialist,77249,9877,5.5,4
6083,Alicea,Ibbs,aibbs7c@163.com,Female,6000,Senior Editor,77241,7406,6.6,6
6869,Guthrie,Necolds,gnecolds7d@live.com,Male,9999,Programmer Analyst II,77140,7207,5.9,1
6874,Brandon,Prise,bprise7e@ebay.co.uk,Male,6000,Research Assistant IV,76967,8355,7.9,10
2093,Imojean,O'Hallihane,iohallihane7f@stanford.edu,Female,6000,Payment Adjustment Coordinator,76936,5316,5.9,1
4698,Ruthann,Janaszkiewicz,rjanaszkiewicz7g@hubpages.com,Female,6000,Physical Therapy Assistant,76892,9488,7.6,2
4993,Massimo,Tute,mtute7h@ning.com,Male,6000,Legal Assistant,76886,6119,6,7
8731,Isobel,Charrington,icharrington7i@nasa.gov,Female,1001,Engineer IV,76884,7513,6.7,10
1109,Thorin,Gammon,tgammon7j@yelp.com,Male,4000,Chemical Engineer,76873,5019,7.6,1
3931,Katharina,Summerskill,ksummerskill7k@amazon.co.jp,Female,5000,Web Developer I,76423,6207,5.1,6
6341,Emelita,Folkerd,efolkerd7l@amazon.co.uk,Female,5000,Physical Therapy Assistant,76390,8902,7.9,4
3650,Loralyn,Hattoe,lhattoe7m@geocities.com,Female,9999,Administrative Assistant I,76328,7856,6,7
4427,Dur,Massimo,dmassimo7n@ibm.com,Male,4000,Assistant Manager,76269,7478,7.1,3
7721,Lacy,Mullinger,lmullinger7o@paginegialle.it,Female,1001,Software Engineer II,76183,6146,7.3,7
7387,Hagan,Dri,hdri7p@sohu.com,Male,1001,Account Representative IV,76166,7679,7.8,6
5397,Dorian,Olenchikov,dolenchikov7q@parallels.com,Male,6000,Senior Cost Accountant,76027,8085,8,3
1494,Glennis,Chandler,gchandler7r@cocolog-nifty.com,Female,4000,Operator,76002,8976,5.6,1
4313,Ernestus,Juszczak,ejuszczak7s@yolasite.com,Male,5000,Project Manager,75935,7401,5,4
2614,Siana,Cromett,scromett7t@wiley.com,Female,6000,Safety Technician II,75371,7167,6.8,4
5343,Damara,Crannell,dcrannell7u@netvibes.com,Female,6000,Project Manager,75207,7774,6,4
7201,Reinwald,Doncom,rdoncom7v@oaic.gov.au,Male,1001,Director of Sales,75157,7436,7.5,1
2912,Feodora,Theriot,ftheriot7w@indiegogo.com,Female,9999,Automation Specialist III,75058,7785,6.7,3
3317,Pammi,Moine,pmoine7x@google.de,Female,4000,Account Executive,75033,5774,7.1,10
6395,Cordi,Yarwood,cyarwood7y@dedecms.com,Female,4000,Graphic Designer,75029,7995,6.7,3
8036,Sibel,Curragh,scurragh7z@accuweather.com,Female,6000,Geological Engineer,74905,7045,6.4,2
7647,Lynette,Postgate,lpostgate80@eepurl.com,Female,9999,Marketing Assistant,74887,9409,7,2
7616,Walden,Bollands,wbollands81@prweb.com,Male,9999,Chemical Engineer,74874,6663,7.3,10
8305,Elijah,Flowith,eflowith82@topsy.com,Male,9999,Chief Design Engineer,74780,7316,5.7,3
2135,Tammie,Tosh,ttosh83@simplemachines.org,Male,6000,Food Chemist,74634,5471,5,3
1454,Lanny,Dome,ldome84@bloomberg.com,Male,1001,Food Chemist,74439,7888,7.3,9
7815,Ber,Salazar,bsalazar85@merriam-webster.com,Male,5000,Mechanical Systems Engineer,74438,8415,5.1,3
9469,Whit,Millichap,wmillichap86@arstechnica.com,Male,9999,Computer Systems Analyst III,74401,7333,6.3,3
1037,Dulcia,Mix,dmix87@blogs.com,Female,5000,Geologist I,74325,5518,6.2,6
2781,Hailey,Cowap,hcowap88@hp.com,Male,5000,Tax Accountant,73976,5189,6.5,6
2801,Morten,Peers,mpeers89@harvard.edu,Male,4000,Project Manager,73867,5410,5.4,5
2686,Barbara,Boddy,bboddy8a@virginia.edu,Female,1001,Business Systems Development Analyst,73848,9457,6.1,9
5107,Dari,Morena,dmorena8b@blogger.com,Female,1001,Research Assistant II,73696,8508,7.6,6
7193,Avie,Hill,ahill8c@bluehost.com,Female,5000,Recruiting Manager,73658,5786,5.4,5
5537,Larine,Hepher,lhepher8d@furl.net,Female,6000,Office Assistant III,73535,8423,5.6,2
7686,Sharai,Ingarfill,singarfill8e@blinklist.com,Female,6000,Staff Accountant I,73513,7542,7.3,9
4576,Jami,Bursnoll,jbursnoll8f@cocolog-nifty.com,Female,1001,Librarian,73460,7462,6.5,2
7159,Sven,Taphouse,staphouse8g@ed.gov,Male,4000,Human Resources Assistant III,73297,8628,7.1,6
4419,Sonnie,Geistmann,sgeistmann8h@icio.us,Male,5000,VP Marketing,73291,6938,6.1,10
9428,Cherise,Dukes,cdukes8i@canalblog.com,Female,1001,Budget/Accounting Analyst IV,73049,5023,5.6,1
6691,Blondy,Brosnan,bbrosnan8j@ocn.ne.jp,Female,5000,Research Nurse,73039,7294,7,10
9558,Abbe,Russ,aruss8k@freewebs.com,Female,5000,Quality Control Specialist,73004,6704,6.4,3
3188,Charlotte,Keepe,ckeepe8l@linkedin.com,Female,1001,Clinical Specialist,72642,7169,5.2,4
3860,Brandais,Dumphry,bdumphry8m@desdev.cn,Female,9999,Community Outreach Specialist,72472,9534,5,10
1096,Falito,Chiddy,fchiddy8n@mozilla.org,Male,9999,Account Coordinator,72443,9936,5.8,3
8522,Hanna,Lipman,hlipman8o@cmu.edu,Female,5000,Financial Analyst,72403,5376,5.6,5
8588,Rakel,Oven,roven8p@acquirethisname.com,Female,4000,Pharmacist,72394,6343,5.6,2
7078,Tammara,Southgate,tsouthgate8q@oracle.com,Female,5000,Sales Associate,72332,9313,6.3,3
4669,Marcille,Gerardot,mgerardot8r@stanford.edu,Female,4000,Financial Advisor,72323,5768,5.5,10
8716,Benita,Dunckley,bdunckley8s@businessweek.com,Female,5000,Account Representative I,72311,7726,6.1,10
2719,Mill,Tremouille,mtremouille8t@un.org,Male,9999,Statistician I,72290,5752,7.5,7
3998,Howey,Kears,hkears8u@java.com,Male,4000,Sales Representative,72254,8231,5.9,3
1518,Yvette,Trouel,ytrouel8v@nymag.com,Female,5000,Executive Secretary,72137,8268,6.6,2
5378,Lynnelle,Zylbermann,lzylbermann8w@telegraph.co.uk,Female,6000,Business Systems Development Analyst,72066,5230,7.7,9
9626,Yardley,Cokly,ycokly8x@nyu.edu,Male,6000,Senior Quality Engineer,72010,8065,5.1,8
3276,Lester,Low,llow8y@eepurl.com,Male,6000,Executive Secretary,72002,8288,6.1,7
9564,Ilsa,Itzchaky,iitzchaky8z@weebly.com,Female,5000,Programmer Analyst II,71983,6675,6.4,9
2476,Lenna,Eubank,leubank90@vkontakte.ru,Female,1001,Tax Accountant,71882,6446,6.9,1
2447,Addy,Crosscombe,acrosscombe91@google.co.jp,Male,6000,Community Outreach Specialist,71862,6503,6.1,9
6596,Gardie,Cluse,gcluse92@weather.com,Male,1001,Tax Accountant,71731,6142,5.1,6
5130,Jeffy,Bendley,jbendley93@theatlantic.com,Male,4000,Software Engineer IV,71697,6654,7.1,1
9552,Loren,Blacklock,lblacklock94@google.ru,Male,1001,GIS Technical Architect,71496,8995,7.3,4
3908,Drugi,Schimaschke,dschimaschke95@yahoo.com,Male,9999,Health Coach III,71454,7014,7.8,1
8159,Dillie,Treharne,dtreharne96@uiuc.edu,Male,9999,Web Designer I,71390,9490,6.4,9
6595,Berke,Bruinemann,bbruinemann97@europa.eu,Male,5000,Registered Nurse,71318,8173,6.3,5
7019,Winslow,McIlwraith,wmcilwraith98@bravesites.com,Male,1001,Help Desk Technician,71238,8435,6.4,10
3182,Courtnay,Doul,cdoul99@xinhuanet.com,Male,9999,Legal Assistant,71149,5154,7.8,4
7223,Lynne,Durnell,ldurnell9a@ihg.com,Female,1001,Web Developer I,71116,5345,5.7,1
9188,Nollie,Totton,ntotton9b@geocities.jp,Female,1001,Design Engineer,71083,7064,6.2,8
1028,Cosme,Burgher,cburgher9c@moonfruit.com,Male,4000,GIS Technical Architect,70983,7630,5.8,10
1789,Nanon,Affleck,naffleck9d@time.com,Female,5000,Business Systems Development Analyst,70802,8420,7.2,7
8009,Gage,Durno,gdurno9e@topsy.com,Male,5000,Speech Pathologist,70738,5324,5.7,7
5750,Ulrick,Sycamore,usycamore9f@so-net.ne.jp,Male,9999,Developer III,70434,9247,7.2,1
4835,Thorin,Fairtlough,tfairtlough9g@rediff.com,Male,9999,Systems Administrator IV,70399,5417,5.4,4
5124,Trey,Routley,troutley9h@mit.edu,Male,9999,Operator,70306,5173,5.1,4
3401,Talyah,Llewelyn,tllewelyn9i@trellian.com,Female,4000,Programmer Analyst I,70281,6683,6.3,3
7353,Emeline,Senior,esenior9j@flavors.me,Female,5000,Chemical Engineer,70142,9590,7.5,2
6072,Rhody,Batchan,rbatchan9k@go.com,Female,9999,Community Outreach Specialist,70074,6803,6.2,9
9502,Earlie,Guyon,eguyon9l@gizmodo.com,Male,4000,Senior Quality Engineer,70057,7641,5.8,6
8672,Claudian,Ladbrooke,cladbrooke9m@forbes.com,Male,9999,Nurse,69841,9414,5.7,3
2999,Molly,Durgan,mdurgan9n@indiegogo.com,Female,4000,Marketing Assistant,69794,5500,5.3,7
7733,Cobby,Copin,ccopin9o@storify.com,Male,9999,Account Coordinator,69782,8294,7.8,10
5603,Josias,Kelemen,jkelemen9p@ustream.tv,Male,4000,Technical Writer,69774,5771,8,5
5584,Theadora,Spencley,tspencley9q@photobucket.com,Female,5000,Teacher,69383,7990,5.3,3
2381,Pernell,Donnan,pdonnan9r@ox.ac.uk,Male,6000,Senior Financial Analyst,69306,9699,5.7,10
2866,Eberto,Monard,emonard9s@gizmodo.com,Male,6000,Senior Editor,69254,6686,5.2,9
3145,Asa,Manders,amanders9t@cornell.edu,Male,6000,Senior Developer,69138,6055,6.5,7
7285,Floris,Bedboro,fbedboro9u@microsoft.com,Female,6000,Civil Engineer,69089,5321,6.5,4
7947,Reta,Hulmes,rhulmes9v@github.com,Female,4000,Structural Engineer,69075,9553,5.6,3
6400,Tami,Pratton,tpratton9w@photobucket.com,Female,5000,Occupational Therapist,68926,5392,5.1,5
2641,Adey,Bellord,abellord9x@weibo.com,Female,4000,Software Test Engineer III,68907,8582,5.9,3
8538,Carolann,Masselin,cmasselin9y@cpanel.net,Female,5000,Research Nurse,68707,9479,6.2,3
7263,Berty,McGaughey,bmcgaughey9z@timesonline.co.uk,Female,9999,Staff Accountant III,68664,6576,5.3,2
1490,Mehetabel,Crownshaw,mcrownshawa0@prlog.org,Female,4000,Administrative Assistant II,68661,5458,6.4,3
5814,Adolpho,Wilshere,awilsherea1@tmall.com,Male,5000,Administrative Officer,68583,7361,5.8,6
4409,Beverlee,Nolleau,bnolleaua2@columbia.edu,Female,9999,VP Product Management,68580,6724,5.7,2
9755,Sari,McGurn,smcgurna3@weibo.com,Female,4000,Software Consultant,68567,5533,5.9,8
7374,Birch,Oaks,boaksa4@umn.edu,Male,1001,Safety Technician II,68508,6818,5.1,2
3857,Gerri,Burberye,gburberyea5@over-blog.com,Female,4000,Data Coordinator,68495,8612,8,10
9477,Franky,Peter,fpetera6@merriam-webster.com,Female,4000,Analog Circuit Design manager,68484,6978,6.3,10
4622,Agata,Buey,abueya7@shinystat.com,Female,5000,Senior Sales Associate,68478,8689,7.7,1
7365,Carolus,Durtnel,cdurtnela8@europa.eu,Male,9999,Geological Engineer,68328,9153,6.2,10
2272,Aaron,Hancock,ahancocka9@vinaora.com,Male,9999,Automation Specialist III,68154,5063,6.1,6
1135,Joann,Joslyn,jjoslynaa@kickstarter.com,Female,1001,Information Systems Manager,68137,8789,6.7,6
3179,Ransom,Baldocci,rbaldocciab@cisco.com,Male,6000,Pharmacist,68045,7452,6.7,7
3881,Laverne,Firpi,lfirpiac@google.com.br,Female,1001,Operator,67879,7458,6.7,8
6117,Bentley,Cackett,bcackettad@forbes.com,Male,6000,Geologist II,67714,6438,6.1,9
6445,Doti,Garthside,dgarthsideae@census.gov,Female,9999,Physical Therapy Assistant,67591,9371,7.5,4
6639,Haslett,Edgson,hedgsonaf@last.fm,Male,5000,Legal Assistant,67449,6998,5.1,9
5147,Fernande,Klosa,fklosaag@slideshare.net,Female,9999,Budget/Accounting Analyst IV,67402,6498,6.6,4
5874,Krystyna,Michelet,kmicheletah@altervista.org,Female,9999,Marketing Assistant,67354,7265,7.4,10
8745,Kiley,Cowton,kcowtonai@mapy.cz,Male,1001,Quality Engineer,67334,8673,6.4,10
4461,Cobbie,Abreheart,cabreheartaj@php.net,Male,5000,Staff Scientist,67301,8029,7.5,7
1187,Lorens,Sage,lsageak@opera.com,Male,1001,Food Chemist,67263,7680,5.8,1
3904,Jaclyn,Rewan,jrewanal@nbcnews.com,Female,5000,Staff Accountant III,67177,6594,6.1,10
4058,Flossie,Haine,fhaineam@admin.ch,Female,9999,Registered Nurse,67025,8421,6.8,1
6883,Ashby,Rumsey,arumseyan@unc.edu,Male,4000,Pharmacist,67018,5958,5.3,3
4058,Orran,Guarnier,oguarnierao@gmpg.org,Male,6000,Teacher,66879,8994,7.2,4
6929,Rosaline,Bianco,rbiancoap@a8.net,Female,4000,Administrative Assistant I,66802,9032,6.9,9
3992,Mitch,Blagden,mblagdenaq@geocities.com,Male,1001,Senior Editor,66649,8289,5.3,6
4252,Cherrita,Wolton,cwoltonar@latimes.com,Female,1001,Assistant Manager,66627,9671,5.7,3
6075,Roobbie,Wipper,rwipperas@qq.com,Female,6000,Senior Financial Analyst,66385,6830,5.4,9
7614,Amil,Pimblotte,apimblotteat@mail.ru,Female,6000,Structural Engineer,66364,8705,6.8,9
4090,Cthrine,Argrave,cargraveau@google.de,Female,4000,Information Systems Manager,66350,9983,6.4,2
9418,Paco,Ishchenko,pishchenkoav@cpanel.net,Male,5000,Environmental Specialist,66084,7681,6.8,10
4339,Shandra,Thying,sthyingaw@paypal.com,Female,6000,Administrative Assistant I,65987,6162,5.4,5
5097,Blythe,Bridson,bbridsonax@timesonline.co.uk,Female,4000,Physical Therapy Assistant,65944,7123,5.2,10
2858,Morley,De Ruggero,mderuggeroay@cnet.com,Male,9999,Administrative Assistant I,65877,5443,6.9,5
2517,Mufi,Britch,mbritchaz@tamu.edu,Female,6000,Senior Financial Analyst,65867,9518,5.9,5
4581,Alaster,Rawsthorne,arawsthorneb0@bigcartel.com,Male,4000,Physical Therapy Assistant,65818,8622,5.9,2
9888,Galvan,Draper,gdraperb1@soup.io,Male,6000,Administrative Officer,65757,8847,7.9,1
1475,Donaugh,Godehard.sf,dgodehardsfb2@bloglovin.com,Male,1001,Assistant Manager,65478,7925,7.1,4
1654,Dallis,Mila,dmilab3@hud.gov,Male,9999,Financial Analyst,65323,5916,5.5,6
8451,Ashby,Treher,atreherb4@blogger.com,Male,5000,Senior Cost Accountant,65312,7067,5.4,4
6725,Kailey,Castanares,kcastanaresb5@gravatar.com,Female,6000,Accountant III,65307,9551,6.7,10
7523,Almeda,Fleg,aflegb6@tinypic.com,Female,4000,Food Chemist,65143,9633,5.8,7
4426,Cody,Whittam,cwhittamb7@gmpg.org,Male,4000,Assistant Media Planner,65137,5904,5.5,2
7336,Nanine,Gerge,ngergeb8@google.com.hk,Female,1001,Human Resources Manager,64610,8856,6.6,1
6778,Austine,Chawner,achawnerb9@qq.com,Female,6000,Paralegal,64573,7058,7.9,10
6537,Alistair,Kenzie,akenzieba@google.it,Male,4000,Geological Engineer,64502,5930,5.6,4
5106,Marlie,Espine,mespinebb@amazon.com,Female,4000,Sales Associate,64340,5341,5.2,2
2290,Loralee,Cottier,lcottierbc@smh.com.au,Female,9999,Research Nurse,64314,8726,7.5,7
4667,Sunny,Fattorini,sfattorinibd@webmd.com,Male,9999,Media Manager III,64159,6225,7.4,2
4913,Basilio,Jupp,bjuppbe@mediafire.com,Male,9999,Pharmacist,63985,6231,6.3,3
1867,Urbanus,Chevins,uchevinsbf@phpbb.com,Male,1001,Electrical Engineer,63982,5702,6.6,2
3990,Ivonne,Toffel,itoffelbg@ifeng.com,Female,4000,Web Developer I,63884,8432,7.9,9
3819,Arri,Braithwait,abraithwaitbh@ning.com,Male,6000,VP Product Management,63864,9928,5.1,1
8550,Fransisco,Eagan,feaganbi@ox.ac.uk,Male,4000,Financial Advisor,63855,6857,5.4,9
5000,Leland,Lapslie,llapsliebj@pcworld.com,Male,1001,Staff Scientist,63845,7938,5.4,10
4384,Chalmers,Pocklington,cpocklingtonbk@rambler.ru,Male,6000,Health Coach I,63826,6916,6.1,6
6441,Quintilla,Yearnes,qyearnesbl@telegraph.co.uk,Female,1001,Data Coordinator,63758,9862,6.6,9
9669,Hulda,Kemball,hkemballbm@nationalgeographic.com,Female,4000,Software Consultant,63725,5966,7.8,1
4441,Krystle,Aleksidze,kaleksidzebn@washington.edu,Female,1001,Actuary,63630,9141,5.3,1
8245,Brendis,Hryncewicz,bhryncewiczbo@yellowbook.com,Male,9999,Information Systems Manager,63597,8427,5.4,10
2981,Cacilia,Whines,cwhinesbp@xinhuanet.com,Female,5000,Civil Engineer,63401,6344,5.4,5
4093,Lorna,Bigly,lbiglybq@goo.gl,Female,9999,Staff Accountant I,63170,6094,5.2,4
6820,Laurens,Newnham,lnewnhambr@so-net.ne.jp,Male,5000,Community Outreach Specialist,63145,5388,7.6,6
9507,Mathe,Squibb,msquibbbs@loc.gov,Male,9999,Geological Engineer,63126,8120,5.4,3
8824,Karilynn,Thirlaway,kthirlawaybt@craigslist.org,Female,4000,Community Outreach Specialist,63065,9653,5.7,9
7657,Elva,Dolligon,edolligonbu@thetimes.co.uk,Female,1001,Assistant Manager,62918,9607,5.5,7
4416,Harland,Maior,hmaiorbv@xrea.com,Male,1001,Help Desk Operator,62827,7639,5.8,1
9876,Marcello,Elcomb,melcombbw@google.ru,Male,4000,Staff Scientist,62762,7128,6.7,8
4276,Hurleigh,O'Hogertie,hohogertiebx@techcrunch.com,Male,4000,Financial Advisor,62587,5473,7.4,6
7082,Joyous,Ferran,jferranby@prweb.com,Female,6000,Compensation Analyst,62552,7305,6.4,7
9093,Roscoe,Hanaford,rhanafordbz@noaa.gov,Male,4000,Project Manager,62439,5093,7.1,5
1055,Vinita,Coch,vcochc0@sourceforge.net,Female,9999,Environmental Tech,62410,6748,5.3,10
9172,Bridie,Godly,bgodlyc1@t.co,Female,6000,Help Desk Operator,62289,6145,7.1,7
7401,Mellicent,Eykel,meykelc2@webeden.co.uk,Female,4000,Librarian,62160,7476,7.4,4
1007,Emmet,Dicke,edickec3@jigsy.com,Male,9999,Technical Writer,62091,9042,6.1,9
1261,Kurt,Elington,kelingtonc4@jiathis.com,Male,6000,Occupational Therapist,62066,9728,6.4,3
9246,Celesta,Woolford,cwoolfordc5@deliciousdays.com,Female,4000,Senior Cost Accountant,61901,9965,6.4,2
6215,Felita,Hartridge,fhartridgec6@woothemes.com,Female,5000,Project Manager,61444,8600,6.5,3
1063,Kalil,Hesse,khessec7@twitter.com,Male,1001,Chemical Engineer,61263,8980,7.4,7
6126,Homerus,Girardeau,hgirardeauc8@biglobe.ne.jp,Male,9999,Director of Sales,61231,7435,5.2,6
2570,Molly,Faireclough,mfairecloughc9@github.io,Female,4000,Software Test Engineer III,61197,7003,5.9,6
1960,Valma,Cathel,vcathelca@mtv.com,Female,9999,Geologist II,61068,6073,7.8,4
8893,Bogart,Olivas,bolivascb@ycombinator.com,Male,6000,Mechanical Systems Engineer,60959,7391,7.4,1
7860,Bradford,Yesipov,byesipovcc@whitehouse.gov,Male,4000,Account Representative III,60808,6492,5.4,10
6706,Thedrick,Hadcock,thadcockcd@sitemeter.com,Male,6000,Sales Associate,60614,8313,6,9
6751,Shelden,Angric,sangricce@edublogs.org,Male,1001,Analog Circuit Design manager,60561,7546,7.8,1
6278,Neddy,Matthews,nmatthewscf@theguardian.com,Male,6000,Associate Professor,60409,6595,5.6,3
5919,Mateo,Lay,mlaycg@unesco.org,Male,5000,Statistician IV,60383,7371,5.2,2
2696,Harmon,Howley,hhowleych@goo.ne.jp,Male,1001,Quality Control Specialist,60375,8962,5.7,5
9216,Livia,Empson,lempsonci@scientificamerican.com,Female,4000,Pharmacist,60255,5433,6.3,5
8812,Osbourn,Hellin,ohellincj@youtu.be,Male,5000,Editor,60218,6374,7.7,3
4810,Gabbey,Paoli,gpaolick@vk.com,Female,6000,VP Sales,60074,5798,5.6,6
3686,Elsey,Treend,etreendcl@themeforest.net,Female,1001,Pharmacist,60045,9446,7.5,8
2835,Wake,Dongall,wdongallcm@deviantart.com,Male,4000,Cost Accountant,59846,7671,7.9,10
2583,Mervin,Etheridge,metheridgecn@csmonitor.com,Male,1001,Quality Engineer,59804,6590,6.3,2
3497,Charlton,Allsworth,callsworthco@multiply.com,Male,4000,Paralegal,59797,8113,8,6
6677,Bentlee,Dagnall,bdagnallcp@bluehost.com,Male,4000,Pharmacist,59768,8376,6.3,6
1554,Nadeen,Delgadillo,ndelgadillocq@livejournal.com,Female,1001,Analog Circuit Design manager,59617,5151,5.6,10
8778,Evyn,Ahmad,eahmadcr@liveinternet.ru,Male,5000,Chemical Engineer,59590,6652,7,4
8244,Birgitta,Barnby,bbarnbycs@google.es,Female,4000,Graphic Designer,59562,7505,6.7,6
7128,Penny,Rawlin,prawlinct@about.com,Female,5000,Assistant Professor,59550,8500,7.4,5
3870,Ciel,Ferfulle,cferfullecu@live.com,Female,4000,Developer I,59478,7150,5.2,8
1277,Iver,Asp,iaspcv@forbes.com,Male,5000,Payment Adjustment Coordinator,59466,8404,6.1,4
3344,Farra,Clutton,fcluttoncw@imageshack.us,Female,5000,Nuclear Power Engineer,59384,6425,7.9,2
2682,Thomasin,Edgeson,tedgesoncx@epa.gov,Female,1001,Business Systems Development Analyst,59259,7197,7.4,2
9542,Giustino,Avey,gaveycy@constantcontact.com,Male,4000,Engineer IV,59158,7633,7.5,2
8874,Jeffy,Sugg,jsuggcz@bizjournals.com,Male,1001,Sales Representative,59145,8058,5.5,1
5611,Glen,Jirik,gjirikd0@hp.com,Male,6000,Staff Scientist,59094,9962,5.8,4
4556,Carroll,Nials,cnialsd1@lycos.com,Female,6000,Professor,58909,9181,7.7,8
9096,Pamela,Toppas,ptoppasd2@npr.org,Female,9999,Research Associate,58797,8504,5.4,2
6469,Evita,Ballay,eballayd3@dagondesign.com,Female,4000,Physical Therapy Assistant,58724,9663,7.3,10
3392,Ilse,Quinion,iquiniond4@printfriendly.com,Female,9999,Sales Representative,58577,5612,7.3,7
5224,Andre,Vedeniktov,avedeniktovd5@pbs.org,Male,6000,Social Worker,58268,6436,5.7,7
5225,Carlin,Stirtle,cstirtled6@skyrock.com,Male,9999,Office Assistant III,58235,7993,7.6,3
6230,Garry,Manwaring,gmanwaringd7@networkadvertising.org,Male,5000,Paralegal,58225,5661,7.1,8
6297,Farrell,Hucke,fhucked8@jugem.jp,Male,5000,Assistant Manager,58149,7088,6.8,10
7193,Aggie,Berney,aberneyd9@icq.com,Female,5000,Senior Financial Analyst,58147,7272,6.1,5
4045,Basile,Menault,bmenaultda@nasa.gov,Male,9999,Human Resources Assistant II,58113,7120,6.4,7
1754,Nichol,Knivett,nknivettdb@phoca.cz,Female,6000,Research Associate,58024,9844,5.2,4
8172,Cherise,Kleinberer,ckleinbererdc@amazon.de,Female,6000,Account Coordinator,57996,9290,7.1,4
2382,Cherish,Duffer,cdufferdd@qq.com,Female,9999,Senior Sales Associate,57955,7439,6.5,7
4064,Hali,Ascroft,hascroftde@xing.com,Female,6000,General Manager,57921,9650,6,7
1088,Lia,Ilive,lilivedf@wiley.com,Female,4000,Account Executive,57890,8737,7,9
9230,Merry,Faley,mfaleydg@issuu.com,Female,1001,Assistant Professor,57877,7120,5.6,7
4117,Guthry,Mayhead,gmayheaddh@i2i.jp,Male,4000,Nurse,57829,6571,6.8,2
4949,Hatti,Forcer,hforcerdi@washingtonpost.com,Female,6000,Research Associate,57814,5634,7.9,8
1472,Roxie,Haws,rhawsdj@si.edu,Female,9999,Marketing Manager,57808,8103,7.2,9
1619,Claretta,Bortoluzzi,cbortoluzzidk@desdev.cn,Female,6000,Nurse Practicioner,57771,6313,5.4,8
7886,Brianna,Glidder,bglidderdl@naver.com,Female,5000,Professor,57619,6841,5.8,8
3314,Jess,Starling,jstarlingdm@so-net.ne.jp,Male,6000,Sales Associate,57616,8833,6.6,4
4441,Beaufort,Ballchin,bballchindn@cisco.com,Male,1001,Office Assistant I,57596,5159,6.7,8
9782,Wilma,Leathe,wleathedo@amazon.de,Female,5000,Associate Professor,57486,7902,5.4,5
5256,Catie,Mumbray,cmumbraydp@nationalgeographic.com,Female,5000,Office Assistant II,57256,7522,6,3
5390,Tris,Fairy,tfairydq@reuters.com,Male,6000,Office Assistant IV,57159,6619,5.5,1
5645,Kingsley,Tooke,ktookedr@nytimes.com,Male,6000,Associate Professor,57109,5304,5.6,10
5123,Guthrey,Haimes,ghaimesds@comcast.net,Male,5000,Senior Developer,57067,8797,5.9,2
6600,Jedediah,Trodd,jtrodddt@sciencedaily.com,Male,6000,Programmer Analyst II,57007,9627,6.1,5
7837,Jessee,Loffill,jloffilldu@psu.edu,Male,6000,Nuclear Power Engineer,56987,7208,7.7,3
6012,Gianni,Imlaw,gimlawdv@jalbum.net,Male,4000,Staff Accountant III,56984,7248,5.8,1
5727,Consuela,McCamish,cmccamishdw@google.de,Female,6000,Nurse Practicioner,56650,5202,5.2,8
8818,Darrelle,Bourrel,dbourreldx@ox.ac.uk,Female,9999,Software Engineer I,56518,8056,7.4,9
2216,Ailis,Roony,aroonydy@businessinsider.com,Female,1001,Research Nurse,56488,7678,6.4,6
1282,Lucias,Hedley,lhedleydz@slideshare.net,Male,4000,Clinical Specialist,56460,5133,8,1
2057,Sophia,Steptoe,ssteptoee0@ow.ly,Female,5000,Internal Auditor,56225,5154,6.7,1
2108,Karrie,Pharoah,kpharoahe1@epa.gov,Female,6000,Tax Accountant,56113,8659,7.5,10
8935,Oberon,Cozens,ocozense2@studiopress.com,Male,4000,Administrative Assistant IV,56058,8578,6.1,6
2450,Ann,McTaggart,amctaggarte3@shop-pro.jp,Female,9999,Software Consultant,56007,5975,6.4,2
5073,Jammal,Rodmell,jrodmelle4@ning.com,Male,4000,Environmental Tech,55980,7548,6.1,10
1504,Miof mela,Zanutti,mzanuttie5@aol.com,Female,5000,Civil Engineer,55613,7579,7.6,5
5907,Lydon,Brunsdon,lbrunsdone6@economist.com,Male,1001,Pharmacist,55593,5699,7.9,4
4542,Drusy,Salaman,dsalamane7@clickbank.net,Female,9999,Payment Adjustment Coordinator,55524,5661,5.6,4
8817,Gertie,Stansby,gstansbye8@ow.ly,Female,9999,Geological Engineer,55497,9521,7.2,6
4930,Sheila,Jenkin,sjenkine9@cnbc.com,Female,9999,Analog Circuit Design manager,55457,7080,7.1,1
7841,Sonnie,Macrow,smacrowea@zimbio.com,Male,1001,Research Assistant IV,55427,5906,6.3,4
8657,Jan,Addeycott,jaddeycotteb@nps.gov,Male,4000,Office Assistant II,55423,5170,7.8,1
8924,Gilles,Varvara,gvarvaraec@netlog.com,Male,6000,Nurse Practicioner,55343,5420,6.2,5
7460,Ardelia,Samwell,asamwelled@xing.com,Female,1001,Social Worker,55215,5857,6.9,9
2810,Jaclyn,Behnecke,jbehneckeee@exblog.jp,Female,6000,Office Assistant II,55203,5259,7.6,7
3230,Winifred,Dayton,wdaytonef@phoca.cz,Female,4000,Database Administrator III,55108,6493,5.3,1
1768,Di,Winsor,dwinsoreg@nhs.uk,Female,5000,VP Sales,54836,9174,6.5,5
3134,Robbert,Mager,rmagereh@hud.gov,Male,9999,Programmer I,54836,7538,7.3,10
7509,Riley,Abrahami,rabrahamiei@pinterest.com,Male,6000,Cost Accountant,54819,8194,7.8,9
2978,Misha,Chaddock,mchaddockej@chronoengine.com,Female,4000,Pharmacist,54790,5607,7.3,7
5768,Lucias,Manifold,lmanifoldek@oracle.com,Male,1001,Electrical Engineer,54581,7238,5.1,10
9556,Tani,Lupson,tlupsonel@nih.gov,Female,1001,Analyst Programmer,54491,8456,7.9,10
5104,Ringo,Quinsee,rquinseeem@php.net,Male,9999,Staff Accountant IV,54385,8368,5.1,9
3419,Hakim,Niblett,hnibletten@i2i.jp,Male,5000,Food Chemist,54355,8610,6.1,9
6888,Lanae,Wrigley,lwrigleyeo@indiatimes.com,Female,5000,Pharmacist,54289,6854,7.9,4
7419,Ange,Spata,aspataep@nationalgeographic.com,Male,5000,Operator,53887,5811,7.2,7
2554,Madelon,Wrigley,mwrigleyeq@uiuc.edu,Female,9999,Staff Accountant II,53797,6034,7.4,6
9318,Alanna,Hamper,ahamperer@vistaprint.com,Female,5000,General Manager,53796,6898,6.1,9
1598,Gretel,Westby,gwestbyes@hugedomains.com,Female,1001,Project Manager,53734,5635,5.1,9
9987,Jamill,Goldsbrough,jgoldsbroughet@bbb.org,Male,1001,Account Representative IV,53537,9393,6.8,7
7163,Barnaby,Josefsohn,bjosefsohneu@msu.edu,Male,9999,Geologist I,53473,7897,5,5
4790,Eydie,Baldi,ebaldiev@dell.com,Female,6000,Web Designer I,53407,7263,7.3,5
4245,Abeu,Donkersley,adonkersleyew@dmoz.org,Male,4000,Assistant Professor,53236,7496,6,7
5208,Paten,Genese,pgeneseex@mashable.com,Male,1001,Marketing Manager,53181,7063,7.7,6
2164,Avie,Tideswell,atideswelley@livejournal.com,Female,6000,Information Systems Manager,53172,7522,5.9,9
9901,Alexio,Crowcombe,acrowcombeez@bloglines.com,Male,5000,Senior Cost Accountant,53055,8800,6.1,2
2629,Ailbert,Bonnick,abonnickf0@edublogs.org,Male,9999,Occupational Therapist,53019,6893,5.5,10
3478,Josephina,Flowers,jflowersf1@ox.ac.uk,Female,5000,Human Resources Assistant IV,52953,8362,7.8,1
6508,Nappy,Bedlington,nbedlingtonf2@soup.io,Male,9999,Administrative Officer,52936,7738,7.4,1
5768,Ardys,Ravenshear,aravenshearf3@foxnews.com,Female,4000,Safety Technician II,52921,8573,7.4,3
5065,Jamesy,Bullivant,jbullivantf4@weebly.com,Male,6000,Graphic Designer,52899,5941,7.8,9
8875,Valenka,Buick,vbuickf5@washingtonpost.com,Female,5000,VP Marketing,52719,5553,5.5,7
5667,Pennie,Siehard,psiehardf6@microsoft.com,Male,9999,Recruiting Manager,52639,9860,5.3,4
6525,Daryl,Alfonsetto,dalfonsettof7@sbwire.com,Male,9999,Programmer IV,52614,6239,5.6,5
5267,Joli,St Ledger,jstledgerf8@webs.com,Female,1001,Project Manager,52541,5916,6.2,3
2824,Pauly,Joselevitch,pjoselevitchf9@tinypic.com,Male,5000,Information Systems Manager,52457,8573,7,4
8126,Cheryl,Ollive,collivefa@altervista.org,Female,9999,Business Systems Development Analyst,52388,6015,6.5,6
2807,Ree,Lilford,rlilfordfb@bloomberg.com,Female,5000,Structural Analysis Engineer,52296,9255,5.7,1
3723,Rubia,Fretwell,rfretwellfc@ted.com,Female,9999,Biostatistician IV,52276,7886,7.4,8
7895,Sal,Cooksley,scooksleyfd@telegraph.co.uk,Male,6000,Biostatistician II,52260,9182,6.8,3
1411,Ase,Katzmann,akatzmannfe@phpbb.com,Male,4000,Payment Adjustment Coordinator,51957,7925,7.6,5
7466,Witty,Vargas,wvargasff@vimeo.com,Male,6000,Project Manager,51741,8082,5.9,1
4993,Haven,Nairns,hnairnsfg@sfgate.com,Male,1001,VP Marketing,51610,6236,6.3,8
4972,Davis,Ramble,dramblefh@opera.com,Male,5000,Physical Therapy Assistant,51511,5672,7.1,3
7505,Cherrita,Kesby,ckesbyfi@odnoklassniki.ru,Female,4000,Sales Representative,51240,8296,5.4,4
1067,Jesse,Bartlomiejczyk,jbartlomiejczykfj@google.de,Male,1001,Web Developer I,51186,6668,5.2,10
9707,Danya,MacKenny,dmackennyfk@t.co,Male,5000,Account Representative IV,51135,5314,5.9,8
1437,Marwin,Greening,mgreeningfl@theglobeandmail.com,Male,4000,Assistant Media Planner,51077,6189,5.5,5
5908,Matty,Balazot,mbalazotfm@github.io,Female,6000,Paralegal,50899,8236,5.7,3
7544,Margo,Barrack,mbarrackfn@smh.com.au,Female,5000,Actuary,50894,8596,5.3,9
6955,Sibylle,Dymidowicz,sdymidowiczfo@craigslist.org,Female,9999,Desktop Support Technician,50826,7633,5.8,4
8442,Marlo,Hartburn,mhartburnfp@geocities.jp,Male,9999,Quality Control Specialist,50757,5466,5.1,5
6684,Berri,Kinny,bkinnyfq@istockphoto.com,Female,9999,Graphic Designer,50747,6601,7.5,10
8526,Eugen,Tittershill,etittershillfr@umn.edu,Male,4000,Payment Adjustment Coordinator,50710,5806,7.9,3
9382,Archy,Hince,ahincefs@latimes.com,Male,1001,Developer II,50661,5990,6.2,8
6216,Irita,McGarel,imcgarelft@pinterest.com,Female,5000,VP Quality Control,50574,6397,5.5,8
6705,Lamond,Taffe,ltaffefu@statcounter.com,Male,4000,Product Engineer,50555,7439,7,3
8119,Gail,Juza,gjuzafv@yandex.ru,Female,6000,General Manager,50552,7970,5.9,1
9927,Harrison,Besnard,hbesnardfw@mozilla.org,Male,5000,Actuary,50384,7541,5.2,1
3043,Peyton,Wiskar,pwiskarfx@ihg.com,Male,5000,Professor,50113,9944,5.8,9
3771,Lief,Fysh,lfyshfy@netlog.com,Male,9999,Data Coordinator,50068,8480,7,10
1062,Calypso,Farrants,cfarrantsfz@google.cn,Female,5000,Senior Editor,50011,9032,7.2,2
6912,Shayne,Hannant,shannantg0@163.com,Male,5000,Social Worker,49835,5201,6.2,2
7324,Sayres,Mallatratt,smallatrattg1@cloudflare.com,Male,1001,Budget/Accounting Analyst IV,49797,9604,7.3,9
4203,Marcelle,Shelper,mshelperg2@soundcloud.com,Female,4000,Internal Auditor,49756,5161,7.1,8
8134,Mariele,Jenne,mjenneg3@phpbb.com,Female,1001,VP Sales,49728,6640,7,1
2098,Stepha,Bourthoumieux,sbourthoumieuxg4@xinhuanet.com,Female,1001,Structural Analysis Engineer,49411,8340,5.5,5
4157,Ignazio,Featley,ifeatleyg5@homestead.com,Male,1001,Teacher,49380,5007,6.7,8
8209,Humfrid,Serjeant,hserjeantg6@booking.com,Male,9999,Sales Associate,49378,6765,7,7
1301,Sutton,Trawin,strawing7@soundcloud.com,Male,4000,Quality Control Specialist,49268,7760,7.2,10
1555,Freddy,Kilbride,fkilbrideg8@apache.org,Male,9999,Librarian,49253,9273,5.5,8
6995,Doralynn,Bockman,dbockmang9@dmoz.org,Female,6000,Marketing Assistant,49146,5774,6.4,3
4025,Lindi,Copas,lcopasga@shutterfly.com,Female,1001,Nurse Practicioner,48957,7330,6,9
9206,Ginger,Dabling,gdablinggb@msn.com,Male,9999,Research Assistant IV,48847,9616,7.4,1
7102,Laurena,Hubberstey,lhubbersteygc@samsung.com,Female,1001,Marketing Manager,48812,7050,5.3,9
6660,Kacy,Girke,kgirkegd@free.fr,Female,4000,Safety Technician I,48511,8220,6.2,6
7472,Zebedee,De Metz,zdemetzge@networkadvertising.org,Male,6000,Pharmacist,48485,9797,7,9
7407,Kala,Froude,kfroudegf@microsoft.com,Female,6000,Engineer III,48415,8677,5.8,8
8788,Clare,Gauvin,cgauvingg@stanford.edu,Male,9999,Senior Cost Accountant,48318,7611,7.5,4
3353,Kassia,Horsell,khorsellgh@smh.com.au,Female,4000,Programmer Analyst III,48203,8450,6.2,3
8554,Franni,Borkett,fborkettgi@gmpg.org,Female,6000,Recruiting Manager,48165,6808,7.4,10
9848,Mohandas,Kalinsky,mkalinskygj@ebay.co.uk,Male,4000,Operator,48146,5787,7.9,10
7069,Cletis,Danilevich,cdanilevichgk@linkedin.com,Male,1001,Information Systems Manager,48085,9983,5,7
3897,Keefe,Dimitresco,kdimitrescogl@shop-pro.jp,Male,5000,Payment Adjustment Coordinator,48058,8122,6.3,8
8190,Hope,Beincken,hbeinckengm@issuu.com,Female,9999,Developer IV,48031,5095,7.5,1
5758,Alva,Reignard,areignardgn@acquirethisname.com,Male,9999,VP Product Management,47991,9583,7.6,5
3768,Guthrey,Calken,gcalkengo@shutterfly.com,Male,9999,VP Accounting,47985,9291,7.3,10
3431,Amandi,Wyvill,awyvillgp@netscape.com,Female,4000,Business Systems Development Analyst,47927,7445,5,6
4283,Harv,Coutts,hcouttsgq@diigo.com,Male,4000,Business Systems Development Analyst,47904,7144,8,1
7689,Hayden,Dallewater,hdallewatergr@so-net.ne.jp,Male,9999,Financial Analyst,47766,7497,5.6,9
9431,Roman,Hursey,rhurseygs@tinyurl.com,Male,9999,Assistant Professor,47762,5502,6.6,2
1001,Chucho,Deeson,cdeesongt@ox.ac.uk,Male,6000,Senior Cost Accountant,47720,5167,5.7,8
6476,Paulette,Fleis,pfleisgu@bigcartel.com,Female,4000,Nurse Practicioner,47662,7571,7,7
2415,Bonnie,Duffree,bduffreegv@reuters.com,Female,4000,Budget/Accounting Analyst I,47458,8407,6.9,8
8979,Kearney,Hess,khessgw@nymag.com,Male,6000,Statistician I,47447,6000,5.1,8
1954,Vilma,Canlin,vcanlingx@dot.gov,Female,6000,Analyst Programmer,47432,9256,7.1,7
4612,Dene,Spurrior,dspurriorgy@gravatar.com,Male,9999,GIS Technical Architect,47363,9793,7.1,3
2814,Henrik,Wretham,hwrethamgz@woothemes.com,Male,4000,Engineer III,47328,9142,6.1,3
8680,Claiborn,Brewood,cbrewoodh0@army.mil,Male,9999,Senior Editor,47327,9660,5.6,7
6049,Lauren,Finci,lfincih1@adobe.com,Female,6000,Media Manager IV,47147,8641,5.7,3
1333,Davey,Fullman,dfullmanh2@posterous.com,Male,6000,General Manager,46997,8060,6.3,3
3612,Beilul,Pedley,bpedleyh3@wordpress.org,Female,1001,Assistant Manager,46720,6846,5.9,2
2941,Bari,Odcroft,bodcrofth4@flickr.com,Female,9999,Systems Administrator IV,46470,8491,5,8
5103,Candice,Bovey,cboveyh5@japanpost.jp,Female,5000,Systems Administrator II,46375,6063,5.6,6
7299,Fayth,Sandels,fsandelsh6@microsoft.com,Female,4000,Recruiter,46266,9166,5.3,2
1328,Garner,Hakonsen,ghakonsenh7@flavors.me,Male,6000,Desktop Support Technician,46209,7972,7.8,6
1215,Cristine,Primett,cprimetth8@mapquest.com,Female,5000,Sales Associate,46209,7480,5.4,4
7430,Lemar,O'Garmen,logarmenh9@boston.com,Male,1001,Office Assistant II,46038,9342,7,8
8295,Mel,Manifould,mmanifouldha@chron.com,Male,9999,Environmental Tech,45992,8414,5.1,2
4263,Cash,Lapley,clapleyhb@spiegel.de,Male,6000,Tax Accountant,45635,9855,7.9,10
4880,Jere,Lawden,jlawdenhc@list-manage.com,Female,5000,Health Coach IV,45571,7200,7.5,2
2046,Kaitlin,Bussy,kbussyhd@zimbio.com,Female,6000,Database Administrator II,45514,5207,6.6,2
4055,Kimmy,Dawson,kdawsonhe@desdev.cn,Female,1001,Help Desk Technician,45440,5838,6.7,10
9285,Myra,Jerrom,mjerromhf@linkedin.com,Female,1001,Web Developer IV,45262,5794,5.5,8
1933,Arri,Dallywater,adallywaterhg@miibeian.gov.cn,Male,6000,Junior Executive,45237,5099,5.2,5
7261,Allister,Gladman,agladmanhh@dailymotion.com,Male,4000,Product Engineer,45132,6272,7.3,4
3093,Avrit,Kenwin,akenwinhi@tripod.com,Female,1001,Systems Administrator IV,45120,6397,6.3,3
6078,Evanne,Geockle,egeocklehj@paginegialle.it,Female,1001,Research Associate,45111,5613,6.7,5
9432,Cathi,Gladebeck,cgladebeckhk@reverbnation.com,Female,9999,Geologist I,45050,6201,6.6,2
9288,Ramsey,Richards,rrichardshl@spiegel.de,Male,1001,Civil Engineer,44991,5894,5.8,9
3210,Ryan,Kinnen,rkinnenhm@soup.io,Male,6000,Payment Adjustment Coordinator,44779,6279,7.6,1
4800,Rubin,Iveagh,riveaghhn@admin.ch,Male,6000,Web Developer II,44610,8962,6.8,1
5618,Peyton,Mattiazzi,pmattiazziho@blogger.com,Male,6000,Tax Accountant,44486,5278,7.3,9
8927,Gilly,Riceards,griceardshp@mayoclinic.com,Female,1001,Social Worker,44468,6217,5.9,7
7182,Justine,Roulston,jroulstonhq@spotify.com,Female,6000,Payment Adjustment Coordinator,44167,8361,5.4,7
2119,Kristyn,Rootes,krooteshr@biblegateway.com,Female,6000,Electrical Engineer,44109,6064,5,9
8672,Cord,Tant,ctanths@ucsd.edu,Male,6000,Senior Sales Associate,43958,5810,7.9,3
3752,Vinson,Cullin,vcullinht@cam.ac.uk,Male,9999,Developer I,43885,8816,5.3,7
1050,Minerva,Restill,mrestillhu@wiley.com,Female,1001,Professor,43771,9995,7.2,3
1519,Turner,Gerardot,tgerardothv@utexas.edu,Male,4000,Data Coordinator,43726,9515,5.3,6
4382,Swen,Greatbach,sgreatbachhw@uiuc.edu,Male,1001,Teacher,43708,9178,7.8,9
3055,Livy,Echallie,lechalliehx@creativecommons.org,Female,4000,Structural Analysis Engineer,43692,6881,6.3,2
7984,Orsa,Haimes,ohaimeshy@dmoz.org,Female,6000,Social Worker,43691,5645,5.3,2
8835,Quincey,Lander,qlanderhz@webmd.com,Male,9999,Health Coach IV,43678,8732,6.9,4
6819,Shelli,Grundwater,sgrundwateri0@wisc.edu,Female,1001,Paralegal,43646,7097,5.4,2
6661,Wes,Yurinov,wyurinovi1@house.gov,Male,9999,Engineer IV,43641,5877,5.1,5
4576,Boyd,Vaudre,bvaudrei2@wikimedia.org,Male,6000,Teacher,43640,9199,5.1,1
9862,Spence,Dunmuir,sdunmuiri3@diigo.com,Male,4000,Software Consultant,43449,6760,6.9,3
8365,Pammie,Trengrouse,ptrengrousei4@wikipedia.org,Female,6000,Geological Engineer,43435,7694,6.1,4
4615,Sollie,Castagno,scastagnoi5@bravesites.com,Male,6000,Senior Financial Analyst,43394,9142,6.8,2
2971,Lyndsay,Decourcy,ldecourcyi6@com.com,Female,5000,Media Manager I,43357,5229,6.5,6
8559,Teddie,Caudell,tcaudelli7@dailymail.co.uk,Female,1001,VP Product Management,43247,7103,6.5,9
1764,Wileen,Emmott,wemmotti8@blog.com,Female,1001,Financial Advisor,43212,6764,6.2,10
7174,Fey,Dietz,fdietzi9@narod.ru,Female,9999,Structural Analysis Engineer,43140,9328,5.4,9
3644,Hurlee,Sicily,hsicilyia@tuttocitta.it,Male,6000,Account Representative IV,43126,8509,5.3,7
5310,Gabriellia,Tarzey,gtarzeyib@goo.gl,Female,1001,VP Marketing,43106,7340,7.3,6
8401,Fletch,Harvey,fharveyic@studiopress.com,Male,5000,Internal Auditor,43072,9841,5.4,3
1497,Sammie,Swindlehurst,sswindlehurstid@flavors.me,Male,9999,Senior Developer,42911,6659,6.8,6
5017,Pippa,Jeans,pjeansie@sogou.com,Female,4000,Assistant Media Planner,42901,9595,6.1,9
9581,Nancee,Bletsor,nbletsorif@google.co.jp,Female,6000,Marketing Manager,42712,5231,6.4,3
5102,Jereme,Serjent,jserjentig@mapquest.com,Male,6000,Structural Engineer,42708,7081,6.6,9
4062,Savina,Oliveto,solivetoih@friendfeed.com,Female,9999,Marketing Assistant,42690,8497,6.7,3
9273,Ramona,Troutbeck,rtroutbeckii@latimes.com,Female,5000,Marketing Manager,42485,8897,7.4,4
7468,Jarrod,Reedick,jreedickij@chron.com,Male,4000,Editor,42267,7261,6.4,7
5878,Wendell,Huggons,whuggonsik@goo.gl,Male,4000,Social Worker,42043,5598,6.1,9
5491,Galina,Horrigan,ghorriganil@reference.com,Female,5000,Operator,41795,7585,6.7,6
9426,Jeffry,Brounfield,jbrounfieldim@wisc.edu,Male,6000,Director of Sales,41782,6222,6.2,8
1367,Fanchette,Rankmore,frankmorein@admin.ch,Female,6000,Geological Engineer,41586,5264,7.4,4
3104,Knox,Euplate,keuplateio@gizmodo.com,Male,4000,Accountant IV,41560,5059,6,7
7183,Pebrook,Farden,pfardenip@nyu.edu,Male,9999,Environmental Tech,41511,7337,7.3,8
3029,Dannie,Vallow,dvallowiq@columbia.edu,Male,6000,Registered Nurse,41286,6817,7.9,9
5581,Jesus,Waleran,jwaleranir@sohu.com,Male,9999,Senior Quality Engineer,41276,5366,5.5,3
7524,Cathlene,Elizabeth,celizabethis@macromedia.com,Female,9999,Registered Nurse,41270,8580,5.6,9
2159,Randal,Mallindine,rmallindineit@imageshack.us,Male,1001,Assistant Media Planner,41234,5247,6,3
6170,Lavinie,Young,lyoungiu@a8.net,Female,5000,Clinical Specialist,41161,9092,6.3,5
2841,Sigismondo,Garwood,sgarwoodiv@cnn.com,Male,1001,Help Desk Technician,41039,8667,7.5,7
1437,Rem,Balnaves,rbalnavesiw@java.com,Male,9999,Statistician III,40809,6375,7.6,2
3620,Mathew,Kubacek,mkubacekix@wiley.com,Male,5000,Tax Accountant,40693,9844,6.1,2
6107,Valentino,Teresa,vteresaiy@bloglovin.com,Male,5000,Librarian,40689,6686,5.8,9
6830,Delly,Swallwell,dswallwelliz@wordpress.com,Female,6000,Programmer IV,40614,5831,7.6,2
5730,Austine,Hugues,ahuguesj0@paginegialle.it,Female,9999,Help Desk Operator,40603,9003,7.2,7
8559,Fransisco,Milliere,fmillierej1@deliciousdays.com,Male,5000,Librarian,40524,9877,5.8,3
1222,Abie,Todman,atodmanj2@cyberchimps.com,Male,4000,Nurse Practicioner,40516,9587,6.9,6
5464,Marian,Crimp,mcrimpj3@bbc.co.uk,Female,4000,Environmental Tech,40323,5284,6.6,3
6983,Catherin,Korbmaker,ckorbmakerj4@discuz.net,Female,1001,Dental Hygienist,40262,5667,7.4,3
6575,Joelly,Jeacocke,jjeacockej5@salon.com,Female,1001,Operator,40226,9798,5.4,4
9769,Iolande,Tregonna,itregonnaj6@nature.com,Female,9999,Administrative Assistant I,40219,8328,5.6,7
5420,Ollie,Kristiansen,okristiansenj7@google.co.jp,Female,4000,Associate Professor,40051,5821,6,5
7379,Hanan,Swaddle,hswaddlej8@microsoft.com,Male,9999,Electrical Engineer,40029,8293,5.9,9
3752,Hali,Reidshaw,hreidshawj9@trellian.com,Female,6000,Project Manager,39943,7658,5.2,7
6092,Kaycee,Jenken,kjenkenja@tamu.edu,Female,1001,General Manager,39767,7860,7.4,10
6057,Hulda,Grevatt,hgrevattjb@eepurl.com,Female,6000,VP Sales,39738,8205,6.3,8
7741,Helli,Munn,hmunnjc@tmall.com,Female,6000,Staff Scientist,39708,7000,5.3,10
8817,Nickola,Bearsmore,nbearsmorejd@dailymotion.com,Male,5000,Web Designer I,39580,9784,5.1,5
5949,Sigrid,Dongate,sdongateje@nhs.uk,Female,5000,Assistant Manager,39446,9847,5.3,8
8099,Marline,Cowland,mcowlandjf@arizona.edu,Female,9999,Senior Sales Associate,39426,5807,6.2,6
7058,Lela,Fendlen,lfendlenjg@bizjournals.com,Female,1001,Nurse,39400,7936,6.7,6
5814,Ali,Licciardiello,alicciardiellojh@statcounter.com,Male,4000,Director of Sales,39394,5495,7.9,2
6620,Chariot,Kibbye,ckibbyeji@vistaprint.com,Male,1001,Automation Specialist II,39369,8256,5.1,6
3045,Glendon,Hauger,ghaugerjj@who.int,Male,5000,Account Executive,39330,7761,7.3,8
8933,Dasya,Thew,dthewjk@shutterfly.com,Female,5000,Biostatistician II,39321,9309,7.3,4
2591,Jozef,Grube,jgrubejl@simplemachines.org,Male,6000,Accountant II,39075,9437,5.3,6
3818,Reyna,Bradie,rbradiejm@uiuc.edu,Female,4000,Information Systems Manager,39041,5616,5.9,1
1897,Barn,Lenchenko,blenchenkojn@wikispaces.com,Male,6000,Assistant Professor,39012,7587,6.4,6
3616,Carleen,Quarterman,cquartermanjo@economist.com,Female,6000,Teacher,39002,8844,7.2,3
9169,Skylar,Dusting,sdustingjp@jiathis.com,Male,4000,Assistant Media Planner,38954,7785,6.9,3
8356,Alastair,Barrett,abarrettjq@howstuffworks.com,Male,6000,Account Executive,38940,7590,6.8,9
1862,Gearard,Soigne,gsoignejr@rambler.ru,Male,5000,Graphic Designer,38732,8142,6.2,2
1322,Rosabella,Jaques,rjaquesjs@npr.org,Female,9999,Recruiter,38692,8690,6.2,2
4780,Kaye,Clemont,kclemontjt@trellian.com,Female,6000,Research Assistant I,38656,8840,7.7,2
1859,Karry,Munnery,kmunneryju@statcounter.com,Female,4000,Electrical Engineer,38556,8412,5.3,3
2699,Thadeus,Dorbon,tdorbonjv@senate.gov,Male,5000,Dental Hygienist,38502,5333,7,2
3847,Ira,Panichelli,ipanichellijw@parallels.com,Male,1001,Research Nurse,38369,8893,5.4,2
8269,Dominick,Szymanek,dszymanekjx@booking.com,Male,1001,Developer I,38234,7459,5.6,1
9431,Osgood,Wagge,owaggejy@craigslist.org,Male,1001,Geological Engineer,38231,6218,6.2,2
6890,Gerta,Treppas,gtreppasjz@ustream.tv,Female,5000,Civil Engineer,38216,9831,5.6,4
4563,Bert,Kyteley,bkyteleyk0@nps.gov,Female,9999,Desktop Support Technician,38137,7138,5.1,3
9509,Derick,Coleyshaw,dcoleyshawk1@wired.com,Male,1001,Associate Professor,38009,7300,6.5,5
3456,Tyrone,Sackler,tsacklerk2@huffingtonpost.com,Male,1001,VP Accounting,37944,7840,7.8,5
5918,Garald,Jacob,gjacobk3@nifty.com,Male,5000,General Manager,37920,7537,5.7,1
2845,Nikita,Crafts,ncraftsk4@wufoo.com,Male,6000,Web Designer II,37883,9766,7.1,5
6251,Gianina,Thursfield,gthursfieldk5@sfgate.com,Female,4000,Paralegal,37837,8941,7.9,7
6630,Stearne,Deards,sdeardsk6@trellian.com,Male,6000,Marketing Assistant,37563,7720,7,5
4006,Urban,Lawtie,ulawtiek7@networksolutions.com,Male,9999,Internal Auditor,37539,8643,5.1,2
9624,Parker,Rivenzon,privenzonk8@apache.org,Male,9999,Marketing Assistant,37524,5066,6.3,2
6307,Brook,Dufton,bduftonk9@ning.com,Female,1001,Legal Assistant,37439,8055,7.4,4
3762,Ernestus,Karpol,ekarpolka@meetup.com,Male,9999,GIS Technical Architect,37220,7401,6.8,4
1847,Ashil,Knuckles,aknuckleskb@homestead.com,Female,6000,Research Associate,37199,7711,5.5,2
6418,Lindsy,Cours,lcourskc@epa.gov,Female,4000,Nurse,37185,7771,6,4
3732,Den,Yell,dyellkd@mtv.com,Male,9999,Environmental Tech,37112,6091,5.1,3
7503,Zolly,Loney,zloneyke@blogtalkradio.com,Male,4000,Research Assistant I,37100,9683,5.6,3
8844,Trefor,Moy,tmoykf@privacy.gov.au,Male,1001,Recruiter,37090,6011,7.8,10
6659,Catlee,Gobbett,cgobbettkg@t-online.de,Female,4000,Dental Hygienist,37011,6533,6.1,4
7328,Lanna,Ruggiero,lruggierokh@artisteer.com,Female,9999,Sales Associate,36863,5298,7.2,4
1378,Caleb,Louis,clouiski@nature.com,Male,9999,Product Engineer,36621,9963,6.8,9
1817,Leia,Riha,lrihakj@microsoft.com,Female,6000,Health Coach I,36507,6864,5.3,4
6773,Sarette,Rhelton,srheltonkk@businessweek.com,Female,1001,Professor,36474,6472,7.5,4
7149,Gussie,Strotone,gstrotonekl@histats.com,Female,9999,Human Resources Assistant III,36456,9297,5.5,7
6281,Tatiania,Baudacci,tbaudaccikm@pen.io,Female,9999,Office Assistant II,36420,7656,7.7,3
3259,Kalila,Fordham,kfordhamkn@techcrunch.com,Female,9999,Web Designer III,36418,6567,5.7,4
5272,Maximilianus,Grasha,mgrashako@hud.gov,Male,5000,Administrative Officer,36357,7175,6.7,4
7991,Fae,Belleny,fbellenykp@livejournal.com,Female,4000,Food Chemist,36280,9377,5.7,3
1231,Eustacia,Fanton,efantonkq@time.com,Female,9999,Biostatistician I,36274,9446,6,7
1780,Wallas,Pundy,wpundykr@tuttocitta.it,Male,5000,Software Consultant,36133,6136,7,7
3327,Lacey,Franzotto,lfranzottoks@ning.com,Female,6000,Mechanical Systems Engineer,36074,5307,6.6,5
7884,Haydon,O'Cooney,hocooneykt@gravatar.com,Male,9999,Cost Accountant,35908,7759,7.4,5
3581,Sig,Housam,shousamku@phpbb.com,Male,1001,Research Associate,35886,7614,7.1,6
4541,Esme,MacBrearty,emacbreartykv@discovery.com,Female,5000,Account Coordinator,35775,6636,6.9,4
8261,Lauri,Legrice,llegricekw@goodreads.com,Female,6000,Sales Associate,35766,8090,6.4,3
4848,Baxy,McNeigh,bmcneighkx@elpais.com,Male,9999,Geologist IV,35489,8025,6.3,6
2406,Inga,Biagini,ibiaginiky@plala.or.jp,Female,5000,Structural Engineer,35479,6710,6,10
5274,Abey,Tooher,atooherkz@mysql.com,Male,5000,Food Chemist,35450,6788,6.6,1
4564,Francklyn,Pellew,fpellewl0@godaddy.com,Male,9999,Statistician III,35295,7259,5.3,7
7523,Whit,Rodrigues,wrodriguesl1@wikimedia.org,Male,1001,Computer Systems Analyst IV,35212,9150,6.8,9
1923,Shawn,MacTrustey,smactrusteyl2@theguardian.com,Female,9999,Human Resources Assistant III,35193,7349,6.6,10
3879,Laurel,O' Driscoll,lodriscolll3@usa.gov,Female,1001,Safety Technician I,35074,7043,7.4,2
5383,Henri,Stepto,hsteptol4@ed.gov,Male,1001,Staff Scientist,34839,9994,6.6,1
3834,Myrwyn,Heckner,mhecknerl5@hostgator.com,Male,1001,Associate Professor,34822,7242,6.4,9
8656,Arlena,Abbe,aabbel6@youtu.be,Female,6000,Tax Accountant,34779,5630,7.2,3
4092,Whittaker,Impy,wimpyl7@zimbio.com,Male,9999,Community Outreach Specialist,34536,9234,6.8,4
9927,Ragnar,Wenban,rwenbanl8@vimeo.com,Male,6000,Accounting Assistant I,34487,5965,7.7,8
1865,Cullan,Pablos,cpablosl9@dropbox.com,Male,1001,Geologist II,34472,5156,5.3,1
4063,Rose,Stuckow,rstuckowla@nbcnews.com,Female,6000,Office Assistant IV,34470,6390,6.7,5
9616,Joy,Dogerty,jdogertylb@virginia.edu,Female,9999,Research Assistant II,34443,5176,7.5,7
1222,Pavel,Lages,plageslc@google.com.br,Male,5000,Office Assistant I,34195,5122,6.5,3
1108,Rusty,Ber,rberld@constantcontact.com,Male,9999,GIS Technical Architect,34014,6025,5.6,10
7639,Kerwinn,Mularkey,kmularkeyle@ibm.com,Male,1001,Programmer Analyst I,34002,8789,6.3,2
5098,Atlante,Gosnall,agosnalllf@weibo.com,Female,6000,Automation Specialist I,33987,7330,5.5,4
3077,Spense,McGraith,smcgraithlg@163.com,Male,5000,Human Resources Assistant II,33908,9776,7.2,9
6806,Marieann,Beeswing,mbeeswinglh@quantcast.com,Female,4000,Accounting Assistant IV,33747,7708,7,5
8137,Krista,Esom,kesomli@bigcartel.com,Female,5000,Senior Sales Associate,33737,9166,7.7,10
3705,Casey,Bellard,cbellardlj@tiny.cc,Male,4000,Account Representative I,33732,9612,5.7,4
9680,Tabb,Tull,ttulllk@addthis.com,Male,6000,Librarian,33478,7627,7.4,4
7957,Eliot,Linklater,elinklaterll@msu.edu,Male,6000,Human Resources Assistant IV,33394,6267,6.4,7
3853,Denis,Larter,dlarterlm@wordpress.org,Male,1001,Engineer I,33280,9320,7.8,8
5101,Sergio,Olyfat,solyfatln@usa.gov,Male,1001,Internal Auditor,33239,5538,5.6,5
4846,Erica,Farren,efarrenlo@addtoany.com,Female,6000,Help Desk Operator,33225,8060,7.4,8
2597,Joelynn,Vase,jvaselp@dell.com,Female,1001,Account Representative II,33102,7989,5.8,10
2522,Silvio,Doubrava,sdoubravalq@wufoo.com,Male,4000,Mechanical Systems Engineer,33038,7605,6.6,6
1947,Heall,Mundford,hmundfordlr@arstechnica.com,Male,5000,Staff Scientist,33017,8960,7.1,4
4590,Ashleigh,Ojeda,aojedals@imdb.com,Female,6000,Civil Engineer,32972,5833,6.6,4
9961,Xylia,Mallall,xmallalllt@tinyurl.com,Female,4000,Project Manager,32921,6359,7,7
1722,Tabbie,Jaggi,tjaggilu@parallels.com,Male,1001,Clinical Specialist,32916,6210,6.9,4
9600,Zorine,Aizlewood,zaizlewoodlv@mysql.com,Female,5000,Administrative Officer,32914,5830,5.6,8
4099,Cicily,Pavett,cpavettlw@apple.com,Female,1001,Geological Engineer,32856,9479,6.3,4
5453,Norbie,Vidgen,nvidgenlx@drupal.org,Male,1001,Account Coordinator,32810,8709,5.4,7
3173,Debera,Dennison,ddennisonly@cargocollective.com,Female,4000,Analyst Programmer,32792,5217,5.3,1
2146,Barty,Purtell,bpurtelllz@sfgate.com,Male,9999,VP Sales,32737,9234,6.3,6
1437,Yul,Fayerbrother,yfayerbrotherm0@ocn.ne.jp,Male,6000,Research Nurse,32685,8986,6.8,10
6819,Eduard,Sallinger,esallingerm1@constantcontact.com,Male,9999,Registered Nurse,32680,7501,7.3,2
4455,Gertie,Rockhill,grockhillm2@godaddy.com,Female,1001,Developer II,32592,6709,5.4,7
2134,Paulie,Sisland,psislandm3@cnn.com,Female,6000,Information Systems Manager,32474,9170,6.6,10
7400,Danni,Worsell,dworsellm4@cafepress.com,Female,4000,Chief Design Engineer,32362,9369,6.9,9
6771,Tallulah,Fourmy,tfourmym5@unc.edu,Female,4000,Actuary,32300,5623,5.5,1
9706,Dov,Lowson,dlowsonm6@sbwire.com,Male,5000,Internal Auditor,32272,9695,6.6,8
3550,Ganny,Clementi,gclementim7@altervista.org,Male,9999,VP Sales,32183,6624,7.4,3
1472,Orsola,Hattersley,ohattersleym8@constantcontact.com,Female,9999,Engineer I,32170,5713,5.4,1
8853,Johan,Butting,jbuttingm9@uiuc.edu,Male,1001,Engineer II,32169,7347,7.8,7
9902,Kathryn,Beirne,kbeirnema@sohu.com,Female,5000,Nurse,32146,7173,6.7,9
6345,Rodger,Brickell,rbrickellmb@etsy.com,Male,6000,VP Accounting,32055,9307,7.9,8
5094,Sharai,Novill,snovillmc@examiner.com,Female,6000,Occupational Therapist,32028,8795,5.5,2
7330,Kit,Whellams,kwhellamsmd@state.tx.us,Male,9999,Occupational Therapist,31964,5186,7.9,1
4333,Ruggiero,Cubbini,rcubbinime@slate.com,Male,1001,Computer Systems Analyst II,31826,5602,5.4,3
3523,Antoni,Pennuzzi,apennuzzimf@mtv.com,Male,9999,Structural Engineer,31521,9362,5,8
6410,Stephanus,Lamberti,slambertimg@livejournal.com,Male,5000,Professor,31518,8196,5.9,6
6868,Weidar,Talkington,wtalkingtonmh@digg.com,Male,9999,Software Test Engineer IV,31419,5889,7.3,7
6708,Di,Cremins,dcreminsmi@ow.ly,Female,1001,Software Test Engineer II,31344,8678,5.8,2
4142,Arthur,Rudd,aruddmj@eepurl.com,Male,9999,VP Sales,30911,9901,7.2,2
8785,Der,Hunnywell,dhunnywellmk@digg.com,Male,1001,Payment Adjustment Coordinator,30876,5368,7.1,5
3184,Bevin,Bugdale,bbugdaleml@miibeian.gov.cn,Male,4000,Director of Sales,30799,6869,5.8,1
3264,Rachael,Riggoll,rriggollmm@gravatar.com,Female,6000,Analog Circuit Design manager,30682,9877,5,2
1180,Codi,Worge,cworgemn@whitehouse.gov,Male,6000,Accounting Assistant III,30613,6716,6.1,2
8357,Hillier,Brasher,hbrashermo@tamu.edu,Male,1001,Teacher,30478,7015,7,8
4155,Jacquetta,Pickburn,jpickburnmp@etsy.com,Female,9999,Geological Engineer,30462,6795,7.8,6
5230,Dionis,McNeachtain,dmcneachtainmq@mediafire.com,Female,6000,Business Systems Development Analyst,30350,6460,7.7,5
8082,Keely,Pigram,kpigrammr@mashable.com,Female,1001,Staff Accountant III,30331,6029,5.6,1
9670,Lucilia,Felten,lfeltenms@smugmug.com,Female,1001,VP Quality Control,30220,8250,7.5,4
8124,Son,Bauld,sbauldmt@usatoday.com,Male,6000,Programmer IV,30172,5910,6.9,7
1592,Jermaine,Godmer,jgodmermu@independent.co.uk,Male,6000,Sales Associate,29837,5707,5.6,10
4301,Bent,Hurlston,bhurlstonmv@zimbio.com,Male,1001,Financial Advisor,29802,8958,5.4,10
9426,Gideon,Ralestone,gralestonemw@seattletimes.com,Male,4000,Sales Associate,29736,5253,6.1,6
1194,Maurizio,Bartell,mbartellmx@soup.io,Male,5000,Geologist I,29643,6879,5.1,1
7545,Putnam,McBrearty,pmcbreartymy@loc.gov,Male,9999,Account Executive,29506,5980,7.4,4
2842,Bobbee,Reaper,breapermz@princeton.edu,Female,9999,Professor,29299,9354,7.4,9
9878,Stephen,Roizn,sroiznn0@elegantthemes.com,Male,6000,Associate Professor,29230,7017,5.6,6
5369,Ernie,Fike,efiken1@histats.com,Male,1001,Senior Quality Engineer,28756,9723,7.4,2
8696,Wandis,Millthorpe,wmillthorpen2@yale.edu,Female,5000,Software Test Engineer IV,28692,7762,7.4,10
5641,Kenneth,Yancey,kyanceyn3@ihg.com,Male,4000,Occupational Therapist,28674,7507,7.7,9
2664,Kennedy,Costell,kcostelln4@omniture.com,Male,1001,Research Nurse,28643,6856,5.1,1
8484,Arne,MacGruer,amacgruern5@zimbio.com,Male,1001,Design Engineer,28596,5448,6.5,4
8439,Christan,Osborn,cosbornn6@weibo.com,Female,9999,Automation Specialist III,28577,7581,7.2,4
6989,Roseanna,Dabnor,rdabnorn7@utexas.edu,Female,4000,Paralegal,28423,5537,5.4,2
5887,Alair,Truce,atrucen8@nbcnews.com,Male,1001,Data Coordinator,28231,5847,7.8,3
1464,Damita,Glandon,dglandonn9@bravesites.com,Female,6000,Help Desk Technician,28193,9519,7.3,6
7076,Patti,Topham,ptophamna@admin.ch,Female,6000,Assistant Manager,28097,8909,6.3,9
6203,Faulkner,Cessford,fcessfordnb@youtu.be,Male,9999,Paralegal,28086,9446,6.7,10
7144,Max,Iredell,miredellnc@biblegateway.com,Male,9999,Actuary,28019,7892,5.4,9
2497,Tobi,Bett,tbettnd@marriott.com,Female,6000,Research Associate,27976,8160,5.8,5
1898,Townsend,Altamirano,taltamiranone@gnu.org,Male,1001,Quality Control Specialist,27897,9757,5.2,9
2221,Flin,Kroch,fkrochnf@t-online.de,Male,5000,Systems Administrator II,27731,8292,7.2,6
2215,Patrica,Vickar,pvickarng@cbc.ca,Female,6000,Account Executive,27707,9696,6.5,3
4408,Gideon,McMennum,gmcmennumnh@wunderground.com,Male,5000,General Manager,27692,6263,5.6,8
2292,Orv,de Leon,odeleonni@tuttocitta.it,Male,6000,Automation Specialist II,27647,7286,5.7,6
4480,Diego,Dodgson,ddodgsonnj@noaa.gov,Male,1001,Assistant Manager,27410,5735,7.8,7
9176,Damian,Langabeer,dlangabeernk@scribd.com,Male,5000,Human Resources Assistant III,26957,7460,7.7,5
9498,Pedro,Croxley,pcroxleynl@usa.gov,Male,4000,Recruiting Manager,26765,6956,5.8,1
3081,Rowena,Ishak,rishaknm@google.cn,Female,4000,Staff Accountant II,26617,9911,6.7,5
5580,Mignon,Pierrepont,mpierrepontnn@biglobe.ne.jp,Female,9999,Research Associate,26614,9342,7.9,3
9434,Deerdre,Oldacre,doldacreno@home.pl,Female,9999,Data Coordinator,26593,9781,5.8,4
6256,Basile,Mitchall,bmitchallnp@wikia.com,Male,1001,Business Systems Development Analyst,26431,8627,5,7
5174,Tove,Hannigane,thanniganenq@icq.com,Female,9999,Geologist II,26305,5853,6.8,8
4983,Buffy,MacGowan,bmacgowannr@baidu.com,Female,1001,Account Coordinator,26303,6264,7.8,9
1385,Isahella,Udale,iudalens@blogspot.com,Female,1001,Chief Design Engineer,26283,7663,5.5,1
3486,Kynthia,Kearney,kkearneynt@nhs.uk,Female,5000,Database Administrator II,26251,8289,7.2,5
7375,Kincaid,Paule,kpaulenu@wikia.com,Male,4000,Human Resources Manager,26246,5775,5.1,2
9114,Debbi,Grzegorecki,dgrzegoreckinv@webmd.com,Female,6000,Web Developer IV,26233,6188,6.2,9
5355,Lance,Jenney,ljenneynw@weather.com,Male,1001,Senior Developer,26225,6538,8,9
1357,Rees,McEachern,rmceachernnx@nhs.uk,Male,4000,Sales Representative,26210,9047,6.4,6
2664,Oliy,Readitt,oreadittny@bloomberg.com,Female,5000,Account Executive,26141,9353,6,10
7034,Guthrie,Wimpress,gwimpressnz@ovh.net,Male,5000,Sales Representative,26045,5852,6,3
2767,Jess,Domingues,jdomingueso0@altervista.org,Female,6000,Payment Adjustment Coordinator,25912,8997,7.1,10
3277,Rocky,Ullock,rullocko1@unc.edu,Male,1001,Director of Sales,25858,7996,7.1,7
3821,Lyell,Swinerd,lswinerdo2@samsung.com,Male,1001,Payment Adjustment Coordinator,25786,7298,5.8,3
6468,Chris,Bulmer,cbulmero3@comsenz.com,Male,4000,Payment Adjustment Coordinator,25780,5917,6.9,10
7167,Shirlene,Virgin,svirgino4@printfriendly.com,Female,4000,Research Nurse,25690,8385,6.4,5
2181,Siana,Blasiak,sblasiako5@smugmug.com,Female,1001,Analog Circuit Design manager,25550,9222,6.7,9
7567,Emmerich,Laborda,elabordao6@youku.com,Male,5000,Marketing Assistant,25225,9834,5.8,10
8021,Hubie,Forsdicke,hforsdickeo7@list-manage.com,Male,6000,Sales Associate,25199,9310,5.9,1
5673,Claiborne,Lowing,clowingo8@1und1.de,Male,1001,Editor,25156,7659,6.3,2
6230,Balduin,Dodshon,bdodshono9@sciencedaily.com,Male,6000,Operator,24868,6602,7.2,1
4099,Charlie,Fredi,cfredioa@japanpost.jp,Male,6000,Recruiter,24826,6207,5.5,8
9450,Eddi,Scough,escoughob@toplist.cz,Female,4000,Financial Analyst,24795,7021,5.8,6
1015,Isabelle,MacClancey,imacclanceyoc@pinterest.com,Female,5000,VP Sales,24791,9337,6.5,7
2168,Josselyn,Fairtlough,jfairtloughod@comsenz.com,Female,1001,Senior Developer,24787,5294,6.5,2
6972,Layton,Lewty,llewtyoe@va.gov,Male,6000,Software Consultant,24772,7671,7.7,6
1414,Farris,Dillingstone,fdillingstoneof@cdc.gov,Male,9999,Director of Sales,24700,9762,7.9,8
2096,Aubrette,Belsey,abelseyog@admin.ch,Female,4000,Statistician II,24573,5751,6.8,9
5788,Mayne,Diplock,mdiplockoh@ifeng.com,Male,1001,Teacher,24523,7210,5.2,5
2417,Charmain,Bilsborrow,cbilsborrowoi@sfgate.com,Female,6000,VP Accounting,24512,7627,5.3,7
8728,Auberon,Chisholme,achisholmeoj@hc360.com,Male,6000,Safety Technician I,24453,5684,6.9,1
5186,Yvonne,Wakeley,ywakeleyok@pbs.org,Female,5000,Financial Advisor,24440,7730,5.8,2
3862,Gaby,Cavalier,gcavalierol@cargocollective.com,Male,4000,Senior Sales Associate,24390,7470,7.5,9
9704,Quinn,Hischke,qhischkeom@dyndns.org,Female,9999,Community Outreach Specialist,24307,6676,5.8,9
8751,Dione,Bauer,dbaueron@joomla.org,Female,9999,Speech Pathologist,24272,8078,7.1,3
7561,Deana,Ghidoli,dghidolioo@jalbum.net,Female,6000,Media Manager II,24238,7949,6.2,3
4509,Mandie,Doctor,mdoctorop@blog.com,Female,9999,Systems Administrator I,24199,5087,5.8,6
2326,Maxy,Emson,memsonoq@wikimedia.org,Male,9999,Senior Financial Analyst,24195,6186,5.4,2
3438,Paddie,Metson,pmetsonor@kickstarter.com,Male,6000,Administrative Officer,24121,8618,5.6,10
9624,Nester,Fumagalli,nfumagallios@php.net,Male,6000,Compensation Analyst,24118,5750,5.3,8
5071,Shirl,Obray,sobrayot@surveymonkey.com,Female,5000,Registered Nurse,24065,7988,5.5,10
9562,Humbert,Kleine,hkleineou@xing.com,Male,6000,Office Assistant I,23880,8692,5,5
1422,Raul,Salterne,rsalterneov@wired.com,Male,9999,Help Desk Operator,23841,9454,6.4,5
8224,Carlo,Ertelt,certeltow@tiny.cc,Male,4000,Desktop Support Technician,23840,5485,5.9,5
2504,Gena,Capstaff,gcapstaffox@phpbb.com,Female,4000,Physical Therapy Assistant,23837,9361,7.5,3
8613,Rudd,Fautly,rfautlyoy@com.com,Male,6000,Professor,23724,9487,7.9,2
5963,Waverley,Quartley,wquartleyoz@amazon.co.uk,Male,4000,Editor,23670,7382,5.4,8
7528,Stepha,Stieger,sstiegerp0@ask.com,Female,1001,Recruiter,23501,9122,5.4,2
9388,Felipa,Mansfield,fmansfieldp1@t.co,Female,1001,Senior Sales Associate,23405,8877,7.5,8
1285,Bobbie,Le-Good,blegoodp2@cisco.com,Male,9999,Human Resources Manager,23371,5405,6.4,5
5208,Walton,Muselli,wmusellip3@weebly.com,Male,4000,Environmental Tech,23335,6913,6.8,9
3720,Engelbert,Pallas,epallasp4@cbslocal.com,Male,6000,Social Worker,23331,7389,7.3,9
6955,Dru,Senton,dsentonp5@blogspot.com,Female,1001,Staff Scientist,23322,9870,6.4,3
7838,Meir,Kubista,mkubistap6@mozilla.com,Male,5000,Occupational Therapist,23246,5212,7.4,7
2040,Jourdain,Dunlea,jdunleap7@istockphoto.com,Male,6000,Technical Writer,23208,8366,5.9,5
1777,Horst,Nutman,hnutmanp8@mapquest.com,Male,6000,Research Associate,23042,8503,5.3,9
1823,Belva,Cornels,bcornelsp9@fastcompany.com,Female,6000,Quality Engineer,23022,5415,6.1,7
8077,Bren,Waddam,bwaddampa@lycos.com,Female,5000,Assistant Media Planner,22986,7548,6.5,5
8015,Nickolaus,Tripony,ntriponypb@desdev.cn,Male,6000,Senior Cost Accountant,22905,5769,5.8,6
4052,Stacia,Squelch,ssquelchpc@virginia.edu,Female,5000,Food Chemist,22878,9875,5.6,9
9190,Dredi,Kaming,dkamingpd@cdbaby.com,Female,6000,Information Systems Manager,22776,9959,6.2,4
9356,Shane,Benoit,sbenoitpe@discuz.net,Male,6000,Web Developer III,22652,6451,7.3,8
6342,Timmie,Anton,tantonpf@dyndns.org,Male,1001,Actuary,22640,5713,6.5,8
5028,Jorie,Teodorski,jteodorskipg@kickstarter.com,Female,5000,Clinical Specialist,22633,6643,5.1,4
1864,Kristal,Laux,klauxph@soup.io,Female,1001,Nuclear Power Engineer,22603,9190,7.8,4
1905,Amberly,Lidstone,alidstonepi@spiegel.de,Female,1001,Junior Executive,22498,9907,6.3,6
4645,Flore,Spelling,fspellingpj@symantec.com,Female,6000,Geologist III,22327,9380,5.4,9
3500,August,Corradini,acorradinipk@booking.com,Male,6000,Librarian,22311,5360,7.1,9
9390,Goldia,Linskey,glinskeypl@dell.com,Female,5000,Statistician I,22249,8940,5.8,8
7746,Matthus,Manton,mmantonpm@sina.com.cn,Male,5000,Staff Scientist,22174,8684,6.5,8
9172,Torey,Burgett,tburgettpn@shinystat.com,Female,1001,Recruiter,22171,9116,5.8,4
9253,Melosa,Luttgert,mluttgertpo@wp.com,Female,5000,Marketing Assistant,21847,6147,7.9,4
7882,Ramsey,Smorfit,rsmorfitpp@trellian.com,Male,5000,Senior Cost Accountant,21838,5144,5,6
1502,Delaney,Goodge,dgoodgepq@amazonaws.com,Male,9999,Executive Secretary,21795,8952,7.8,5
5547,Kermie,Bau,kbaupr@unblog.fr,Male,6000,Registered Nurse,21483,6560,7.6,8
9490,Brittani,Surmeir,bsurmeirps@latimes.com,Female,4000,Mechanical Systems Engineer,21379,7668,7.5,2
4074,Magdalen,Chancelier,mchancelierpt@google.co.jp,Female,6000,Biostatistician IV,21352,7687,7.1,2
4353,Aluino,Favelle,afavellepu@reddit.com,Male,1001,Statistician II,21340,9513,6.7,10
7088,Irvin,Ciotti,iciottipv@cisco.com,Male,6000,Associate Professor,21262,5092,7.2,8
9433,Andonis,Colliar,acolliarpw@ustream.tv,Male,1001,Programmer IV,21144,5730,7.6,2
1413,Ty,Loweth,tlowethpx@omniture.com,Male,9999,Graphic Designer,21028,6132,7.4,10
5403,Janean,Edgell,jedgellpy@google.ru,Female,1001,Quality Control Specialist,20911,7434,7,8
7694,Donnajean,Mounsie,dmounsiepz@sogou.com,Female,1001,Data Coordinator,20901,6589,5.7,9
3933,Baudoin,Buzine,bbuzineq0@sitemeter.com,Male,5000,Office Assistant III,20866,7622,7.4,6
3409,Jo ann,Brims,jbrimsq1@wordpress.com,Female,6000,Associate Professor,20610,6786,5.7,1
8659,Karalee,Portchmouth,kportchmouthq2@parallels.com,Female,1001,Electrical Engineer,20608,6914,5.9,6
9284,Matthus,Chettle,mchettleq3@sfgate.com,Male,5000,Professor,20492,5049,5.1,10
2654,Jackie,Hayer,jhayerq4@clickbank.net,Male,1001,VP Accounting,20108,7429,6.5,1
4220,Jodi,Erington,jeringtonq5@eventbrite.com,Male,5000,Desktop Support Technician,20084,7604,5.1,3
8751,Paco,Hartles,phartlesq6@lycos.com,Male,6000,Chemical Engineer,19758,6818,6.4,5
7181,Steward,Cawthry,scawthryq7@tinypic.com,Male,1001,Software Consultant,19697,7365,6.8,7
9992,Shirl,Libreros,slibrerosq8@yellowbook.com,Female,6000,Developer I,19696,9629,7.5,9
9487,Neddie,Camelli,ncamelliq9@goo.ne.jp,Male,1001,Teacher,19599,5259,5.6,1
8177,Dermot,Oliphant,doliphantqa@ftc.gov,Male,1001,Human Resources Manager,19552,6782,5.4,8
9600,Mac,Bertomieu,mbertomieuqb@hibu.com,Male,9999,Senior Developer,19462,6641,5.4,4
3241,Annice,Lester,alesterqc@qq.com,Female,1001,Programmer II,19411,6290,6.5,4
5956,Margeaux,Sandwick,msandwickqd@pcworld.com,Female,1001,Dental Hygienist,19384,8241,6.7,10
4988,Constantin,Simonett,csimonettqe@bizjournals.com,Male,1001,Quality Control Specialist,19364,9367,5,4
6127,Florinda,Jacob,fjacobqf@npr.org,Female,6000,Account Representative I,19085,7897,5.5,6
9825,Kinnie,Arndtsen,karndtsenqg@cargocollective.com,Male,6000,VP Marketing,19028,6842,7.4,5
4543,Sonnnie,Noweak,snoweakqh@pinterest.com,Female,1001,Account Coordinator,18810,6243,6.2,8
3008,Winston,McLachlan,wmclachlanqi@wiley.com,Male,5000,Structural Analysis Engineer,18672,9386,7.9,2
7066,Sara,Coggell,scoggellqj@histats.com,Female,9999,Software Consultant,18648,6860,5.8,1
3408,Brigitte,Luckes,bluckesqk@usa.gov,Female,1001,Automation Specialist IV,18642,8044,6.7,8
9568,Leopold,Kondratowicz,lkondratowiczql@wikia.com,Male,5000,Analog Circuit Design manager,18472,9883,7.8,8
7506,Chrystel,Benasik,cbenasikqm@disqus.com,Female,4000,Senior Developer,18319,5466,7.2,1
7513,Dominic,Woodcock,dwoodcockqn@de.vu,Male,6000,Food Chemist,18194,7221,8,7
8215,Chad,Gilphillan,cgilphillanqo@princeton.edu,Female,6000,VP Accounting,18148,9034,6.2,5
7244,Eberhard,Winks,ewinksqp@com.com,Male,1001,Computer Systems Analyst II,18082,9634,6.1,8
4457,Bobbye,MacCoughen,bmaccoughenqq@g.co,Female,5000,Data Coordinator,17957,7297,7.3,6
1172,Scott,Vasnev,svasnevqr@google.pl,Male,6000,Account Coordinator,17946,6349,6.3,6
7429,Cad,Huccaby,chuccabyqs@merriam-webster.com,Male,4000,Product Engineer,17796,9228,6.7,7
4698,Ardith,Heel,aheelqt@diigo.com,Female,5000,Marketing Manager,17609,6494,6,2
9331,Fields,Tullot,ftullotqu@plala.or.jp,Male,6000,Marketing Assistant,17450,8482,6.2,2
6048,Kippy,Jacobovitz,kjacobovitzqv@myspace.com,Female,5000,Account Representative III,17439,9004,7.7,5
6084,Logan,L'Hommeau,llhommeauqw@cmu.edu,Male,5000,Operator,17057,5651,5.8,7
4924,Jobyna,Honywill,jhonywillqx@bbb.org,Female,1001,Engineer I,17014,5604,5,3
7723,Zachery,Belderson,zbeldersonqy@cbslocal.com,Male,6000,Statistician II,16977,8365,6.3,7
5495,Debor,Brozsset,dbrozssetqz@mashable.com,Female,9999,Senior Sales Associate,16967,5600,5.8,8
2236,Giulio,Fuchs,gfuchsr0@wsj.com,Male,9999,Engineer IV,16797,8278,5,7
6809,Al,Hollingshead,ahollingsheadr1@over-blog.com,Male,1001,Software Consultant,16770,7157,7.4,9
7413,Aland,Challenger,achallengerr2@intel.com,Male,1001,Financial Advisor,16743,7314,7.3,6
8840,Polly,Kinder,pkinderr3@un.org,Female,5000,Civil Engineer,16552,9430,6.7,10
6274,Caroljean,Seeds,cseedsr4@marriott.com,Female,4000,Programmer IV,16538,6193,6.9,1
1446,Almire,Room,aroomr5@cyberchimps.com,Female,1001,Design Engineer,16399,6451,6.3,8
3540,Haley,Archibould,harchibouldr6@miibeian.gov.cn,Male,9999,Quality Engineer,16388,6423,7,5
4253,Orson,Van der Spohr,ovanderspohrr7@unesco.org,Male,6000,General Manager,16335,9633,5.6,9
3979,Edlin,Smithson,esmithsonr8@elpais.com,Male,4000,Financial Advisor,16294,9718,6.4,7
9929,Harman,Smolan,hsmolanr9@dyndns.org,Male,1001,Nurse,16197,9967,6,9
7450,Dallis,Widd,dwiddra@google.com.hk,Male,6000,Quality Engineer,16177,8701,6.1,1
1692,Stephan,Dunsmore,sdunsmorerb@prnewswire.com,Male,4000,Chief Design Engineer,16162,5446,6.2,10
4194,Sander,Nulty,snultyrc@reverbnation.com,Male,5000,Structural Engineer,16147,7862,7.4,3
1843,Gabi,Robbins,grobbinsrd@sphinn.com,Male,1001,Web Developer IV,16085,9790,7,9
4569,Janetta,Wolfarth,jwolfarthre@mail.ru,Female,9999,Account Executive,15836,8402,5.9,6
8674,Rica,Girodias,rgirodiasrf@noaa.gov,Female,1001,Project Manager,15831,7070,6.6,5
6396,Axe,Baughn,abaughnrg@a8.net,Male,6000,Software Consultant,15817,7762,5.9,10
1422,Kathlin,Mawtus,kmawtusrh@slashdot.org,Female,9999,Civil Engineer,15740,8582,5.5,10
9786,Foster,L'Homme,flhommeri@washingtonpost.com,Male,1001,Health Coach I,15621,9923,5.9,5
3020,Stafani,Dentith,sdentithrj@4shared.com,Female,4000,Office Assistant II,15616,8953,6.1,10
8808,Seana,Oakley,soakleyrk@constantcontact.com,Female,6000,Financial Advisor,15452,5929,6.9,1
4730,Daven,Giacobo,dgiacoborl@goo.ne.jp,Male,6000,Data Coordinator,15439,9037,7.3,8
8011,Valdemar,Larter,vlarterrm@rambler.ru,Male,9999,Software Engineer II,15425,8829,5.6,6
8847,Lidia,Headech,lheadechrn@unblog.fr,Female,9999,VP Marketing,15387,9676,7.2,1
9549,Christina,Mellon,cmellonro@dyndns.org,Female,9999,Librarian,15178,7098,5.6,7
1028,Shurlock,Cirlos,scirlosrp@hostgator.com,Male,6000,Research Nurse,15152,9118,6.8,4
2253,Huey,Uzzell,huzzellrq@squarespace.com,Male,9999,Chemical Engineer,15111,7049,5.8,6
2903,Mackenzie,Gludor,mgludorrr@example.com,Male,6000,Automation Specialist III,15030,6158,7.5,9
